ts_unix,elapsed_sec,pe1_rss_mb,pe2_rss_mb,pe1_df_role,pe2_df_role,pe1_df_changes,pe2_df_changes,pe1_bum_flags,pe2_bum_flags,pe2_running
1778426811,120,10.1562,10.0273,NaN,NaN,NaN,NaN,df,df,1
1778426871,180,11.9531,10.0273,NaN,NaN,NaN,NaN,df,df,1
1778426932,241,11.9531,10.0273,NaN,NaN,NaN,NaN,df,df,1
1778426992,301,11.9531,10.0273,NaN,NaN,NaN,NaN,df,df,1
1778427053,362,11.9531,10.5742,NaN,NaN,NaN,NaN,df,df,1
1778427113,422,12.793,11.375,NaN,NaN,NaN,NaN,df,nondf,1
1778427174,483,12.793,11.375,NaN,NaN,NaN,NaN,df,nondf,1
1778427234,543,12.793,11.375,NaN,NaN,NaN,NaN,df,nondf,1
1778427295,604,12.793,11.375,NaN,NaN,NaN,NaN,df,nondf,1
1778427360,669,12.793,NaN,NaN,NaN,NaN,NaN,df,mixed,0
1778427421,730,12.793,NaN,NaN,NaN,NaN,NaN,df,mixed,0
1778427481,790,12.793,NaN,NaN,NaN,NaN,NaN,df,mixed,0
1778427541,850,12.793,NaN,NaN,NaN,NaN,NaN,df,mixed,0
1778427602,911,13.2227,NaN,NaN,NaN,NaN,NaN,df,mixed,0
1778427662,971,13.2227,NaN,NaN,NaN,NaN,NaN,df,mixed,0
1778427722,1031,13.2227,NaN,NaN,NaN,NaN,NaN,df,mixed,0
1778427783,1092,13.2227,NaN,NaN,NaN,NaN,NaN,df,mixed,0
1778427843,1152,13.2227,NaN,NaN,NaN,NaN,NaN,df,mixed,0
1778427903,1212,13.2227,NaN,NaN,NaN,NaN,NaN,df,mixed,0
1778427965,1274,13.2227,9.99609,NaN,NaN,NaN,NaN,df,df,1
1778428025,1334,13.2227,11.4219,NaN,NaN,NaN,NaN,df,df,1
1778428086,1395,13.2227,11.4219,NaN,NaN,NaN,NaN,df,df,1
1778428146,1455,13.2227,11.4219,NaN,NaN,NaN,NaN,df,df,1
1778428207,1516,13.2227,11.4219,NaN,NaN,NaN,NaN,df,df,1
1778428267,1576,13.2227,11.4219,NaN,NaN,NaN,NaN,df,df,1
1778428328,1637,13.2227,11.4219,NaN,NaN,NaN,NaN,df,df,1
1778428388,1697,13.2227,11.4219,NaN,NaN,NaN,NaN,df,df,1
1778428448,1757,13.2227,11.8516,NaN,NaN,NaN,NaN,df,df,1
1778428509,1818,13.2227,11.8516,NaN,NaN,NaN,NaN,df,df,1
1778428575,1884,13.2227,NaN,NaN,NaN,NaN,NaN,df,mixed,0
1778428635,1944,13.2227,NaN,NaN,NaN,NaN,NaN,df,mixed,0
1778428695,2004,13.2227,NaN,NaN,NaN,NaN,NaN,df,mixed,0
1778428756,2065,13.2227,NaN,NaN,NaN,NaN,NaN,df,mixed,0
1778428816,2125,13.2227,NaN,NaN,NaN,NaN,NaN,df,mixed,0
1778428876,2185,13.2227,NaN,NaN,NaN,NaN,NaN,df,mixed,0
1778428937,2246,13.2227,NaN,NaN,NaN,NaN,NaN,df,mixed,0
1778428997,2306,13.2227,NaN,NaN,NaN,NaN,NaN,df,mixed,0
1778429057,2366,13.2227,NaN,NaN,NaN,NaN,NaN,df,mixed,0
1778429118,2427,13.2227,NaN,NaN,NaN,NaN,NaN,df,mixed,0
1778429179,2488,13.2227,10.2812,NaN,NaN,NaN,NaN,df,df,1
1778429240,2549,13.2227,10.2812,NaN,NaN,NaN,NaN,df,df,1
1778429300,2609,13.2227,10.2812,NaN,NaN,NaN,NaN,df,df,1
1778429361,2670,13.2227,10.2812,NaN,NaN,NaN,NaN,df,df,1
1778429421,2730,13.2227,10.2812,NaN,NaN,NaN,NaN,df,df,1
1778429482,2791,13.2227,10.2812,NaN,NaN,NaN,NaN,df,df,1
1778429542,2851,13.2227,10.2812,NaN,NaN,NaN,NaN,df,df,1
1778429603,2912,13.2227,11.6484,NaN,NaN,NaN,NaN,df,df,1
1778429663,2972,13.2227,11.6484,NaN,NaN,NaN,NaN,df,df,1
1778429724,3033,13.2227,11.6484,NaN,NaN,NaN,NaN,df,df,1
1778429789,3098,13.2227,NaN,NaN,NaN,NaN,NaN,df,mixed,0
1778429850,3159,13.2227,NaN,NaN,NaN,NaN,NaN,df,mixed,0
1778429910,3219,13.2227,NaN,NaN,NaN,NaN,NaN,df,mixed,0
1778429970,3279,13.2227,NaN,NaN,NaN,NaN,NaN,df,mixed,0
1778430031,3340,13.2227,NaN,NaN,NaN,NaN,NaN,df,mixed,0
1778430091,3400,13.2227,NaN,NaN,NaN,NaN,NaN,df,mixed,0
1778430151,3460,13.2227,NaN,NaN,NaN,NaN,NaN,df,mixed,0
1778430212,3521,13.2227,NaN,NaN,NaN,NaN,NaN,df,mixed,0
1778430272,3581,13.2227,NaN,NaN,NaN,NaN,NaN,df,mixed,0
1778430332,3641,13.2227,NaN,NaN,NaN,NaN,NaN,df,mixed,0
1778430394,3703,13.2227,11.1211,NaN,NaN,NaN,NaN,df,df,1
1778430454,3763,13.2227,11.1211,NaN,NaN,NaN,NaN,df,df,1
1778430515,3824,13.2227,11.1211,NaN,NaN,NaN,NaN,df,df,1
1778430575,3884,13.2227,11.1211,NaN,NaN,NaN,NaN,df,df,1
1778430636,3945,13.2227,11.1211,NaN,NaN,NaN,NaN,df,df,1
1778430696,4005,13.2227,11.1211,NaN,NaN,NaN,NaN,df,df,1
1778430757,4066,13.2227,11.1211,NaN,NaN,NaN,NaN,df,df,1
1778430817,4126,13.2227,11.1211,NaN,NaN,NaN,NaN,df,df,1
1778430878,4187,13.2227,11.1211,NaN,NaN,NaN,NaN,df,df,1
1778430938,4247,13.2227,11.1211,NaN,NaN,NaN,NaN,df,df,1
1778431004,4313,13.2227,NaN,NaN,NaN,NaN,NaN,df,mixed,0
1778431064,4373,13.2227,NaN,NaN,NaN,NaN,NaN,df,mixed,0
1778431124,4433,13.2227,NaN,NaN,NaN,NaN,NaN,df,mixed,0
1778431185,4494,13.2227,NaN,NaN,NaN,NaN,NaN,df,mixed,0
1778431245,4554,13.2227,NaN,NaN,NaN,NaN,NaN,df,mixed,0
1778431305,4614,13.2227,NaN,NaN,NaN,NaN,NaN,df,mixed,0
1778431366,4675,13.2227,NaN,NaN,NaN,NaN,NaN,df,mixed,0
1778431426,4735,13.2227,NaN,NaN,NaN,NaN,NaN,df,mixed,0
1778431486,4795,13.2227,NaN,NaN,NaN,NaN,NaN,df,mixed,0
1778431547,4856,13.2227,NaN,NaN,NaN,NaN,NaN,df,mixed,0
1778431608,4917,13.2227,11.1016,NaN,NaN,NaN,NaN,df,df,1
1778431669,4978,13.2227,11.1016,NaN,NaN,NaN,NaN,df,df,1
1778431729,5038,13.2227,11.1016,NaN,NaN,NaN,NaN,df,df,1
1778431790,5099,13.2227,12.1758,NaN,NaN,NaN,NaN,df,df,1
1778431850,5159,13.2227,12.1758,NaN,NaN,NaN,NaN,df,df,1
1778431911,5220,13.2227,12.1758,NaN,NaN,NaN,NaN,df,df,1
1778431971,5280,13.2227,12.1758,NaN,NaN,NaN,NaN,df,df,1
1778432032,5341,13.2227,12.1758,NaN,NaN,NaN,NaN,df,df,1
1778432092,5401,13.2227,12.1758,NaN,NaN,NaN,NaN,df,df,1
1778432152,5461,13.2227,12.1758,NaN,NaN,NaN,NaN,df,df,1
1778432218,5527,13.2227,NaN,NaN,NaN,NaN,NaN,df,mixed,0
1778432278,5587,13.2227,NaN,NaN,NaN,NaN,NaN,df,mixed,0
1778432339,5648,13.2227,NaN,NaN,NaN,NaN,NaN,df,mixed,0
1778432399,5708,13.2227,NaN,NaN,NaN,NaN,NaN,df,mixed,0
1778432459,5768,13.2227,NaN,NaN,NaN,NaN,NaN,df,mixed,0
1778432520,5829,13.2227,NaN,NaN,NaN,NaN,NaN,df,mixed,0
1778432580,5889,13.2227,NaN,NaN,NaN,NaN,NaN,df,mixed,0
1778432641,5950,13.2227,NaN,NaN,NaN,NaN,NaN,df,mixed,0
1778432701,6010,13.2227,NaN,NaN,NaN,NaN,NaN,df,mixed,0
1778432761,6070,13.2227,NaN,NaN,NaN,NaN,NaN,df,mixed,0
1778432823,6132,13.2227,11.5898,NaN,NaN,NaN,NaN,df,df,1
1778432884,6193,13.2227,11.5898,NaN,NaN,NaN,NaN,df,df,1
1778432944,6253,13.2227,11.5898,NaN,NaN,NaN,NaN,df,df,1
1778433005,6314,13.2227,11.5898,NaN,NaN,NaN,NaN,df,df,1
1778433065,6374,13.2227,11.5898,NaN,NaN,NaN,NaN,df,df,1
1778433125,6434,13.2227,11.5898,NaN,NaN,NaN,NaN,df,df,1
1778433186,6495,13.2227,11.5898,NaN,NaN,NaN,NaN,df,df,1
1778433246,6555,13.2227,12.1953,NaN,NaN,NaN,NaN,df,df,1
1778433307,6616,13.2227,12.1953,NaN,NaN,NaN,NaN,df,df,1
1778433367,6676,13.2227,12.1953,NaN,NaN,NaN,NaN,df,df,1
1778433433,6742,13.2227,NaN,NaN,NaN,NaN,NaN,df,mixed,0
1778433493,6802,13.2227,NaN,NaN,NaN,NaN,NaN,df,mixed,0
1778433554,6863,13.2227,NaN,NaN,NaN,NaN,NaN,df,mixed,0
1778433614,6923,13.2227,NaN,NaN,NaN,NaN,NaN,df,mixed,0
1778433674,6983,13.2227,NaN,NaN,NaN,NaN,NaN,df,mixed,0
1778433735,7044,13.2227,NaN,NaN,NaN,NaN,NaN,df,mixed,0
1778433795,7104,13.2227,NaN,NaN,NaN,NaN,NaN,df,mixed,0
1778433855,7164,13.2227,NaN,NaN,NaN,NaN,NaN,df,mixed,0
1778433916,7225,13.2227,NaN,NaN,NaN,NaN,NaN,df,mixed,0
1778433976,7285,13.2227,NaN,NaN,NaN,NaN,NaN,df,mixed,0
1778434038,7347,13.2227,10.207,NaN,NaN,NaN,NaN,df,df,1
1778434098,7407,13.2227,11.2578,NaN,NaN,NaN,NaN,df,df,1
1778434159,7468,13.2227,11.2578,NaN,NaN,NaN,NaN,df,df,1
1778434219,7528,13.2227,11.2578,NaN,NaN,NaN,NaN,df,df,1
1778434280,7589,13.2227,11.2578,NaN,NaN,NaN,NaN,df,df,1
1778434340,7649,13.2227,11.2578,NaN,NaN,NaN,NaN,df,df,1
1778434401,7710,13.2227,11.2578,NaN,NaN,NaN,NaN,df,df,1
1778434461,7770,13.2227,11.2578,NaN,NaN,NaN,NaN,df,df,1
1778434521,7830,13.2227,11.2578,NaN,NaN,NaN,NaN,df,df,1
1778434582,7891,13.2227,11.7461,NaN,NaN,NaN,NaN,df,df,1
1778434648,7957,13.2227,NaN,NaN,NaN,NaN,NaN,df,mixed,0
1778434708,8017,13.2227,NaN,NaN,NaN,NaN,NaN,df,mixed,0
1778434768,8077,13.2227,NaN,NaN,NaN,NaN,NaN,df,mixed,0
1778434829,8138,13.2227,NaN,NaN,NaN,NaN,NaN,df,mixed,0
1778434889,8198,13.2227,NaN,NaN,NaN,NaN,NaN,df,mixed,0
1778434949,8258,13.2227,NaN,NaN,NaN,NaN,NaN,df,mixed,0
1778435010,8319,13.2227,NaN,NaN,NaN,NaN,NaN,df,mixed,0
1778435070,8379,13.2227,NaN,NaN,NaN,NaN,NaN,df,mixed,0
1778435130,8439,13.2227,NaN,NaN,NaN,NaN,NaN,df,mixed,0
1778435191,8500,13.2227,NaN,NaN,NaN,NaN,NaN,df,mixed,0
1778435253,8562,13.2227,11.625,NaN,NaN,NaN,NaN,df,df,1
1778435313,8622,13.2227,11.625,NaN,NaN,NaN,NaN,df,df,1
1778435373,8682,13.2227,11.625,NaN,NaN,NaN,NaN,df,df,1
1778435434,8743,13.2227,11.625,NaN,NaN,NaN,NaN,df,df,1
1778435494,8803,13.2227,11.625,NaN,NaN,NaN,NaN,df,df,1
1778435555,8864,13.2227,11.625,NaN,NaN,NaN,NaN,df,df,1
1778435615,8924,13.2227,11.625,NaN,NaN,NaN,NaN,df,df,1
1778435676,8985,13.2227,11.625,NaN,NaN,NaN,NaN,df,df,1
1778435736,9045,13.2227,11.625,NaN,NaN,NaN,NaN,df,df,1
1778435797,9106,13.2227,11.625,NaN,NaN,NaN,NaN,df,df,1
1778435862,9171,13.2227,NaN,NaN,NaN,NaN,NaN,df,mixed,0
1778435923,9232,13.2227,NaN,NaN,NaN,NaN,NaN,df,mixed,0
1778435983,9292,13.2227,NaN,NaN,NaN,NaN,NaN,df,mixed,0
1778436043,9352,13.2227,NaN,NaN,NaN,NaN,NaN,df,mixed,0
1778436104,9413,13.2227,NaN,NaN,NaN,NaN,NaN,df,mixed,0
1778436164,9473,13.2227,NaN,NaN,NaN,NaN,NaN,df,mixed,0
1778436224,9533,13.2227,NaN,NaN,NaN,NaN,NaN,df,mixed,0
1778436285,9594,13.2227,NaN,NaN,NaN,NaN,NaN,df,mixed,0
1778436345,9654,13.2227,NaN,NaN,NaN,NaN,NaN,df,mixed,0
1778436405,9714,13.2227,NaN,NaN,NaN,NaN,NaN,df,mixed,0
1778436467,9776,13.2227,11.8906,NaN,NaN,NaN,NaN,df,df,1
1778436528,9837,13.2227,11.8906,NaN,NaN,NaN,NaN,df,df,1
1778436588,9897,13.2227,12.7695,NaN,NaN,NaN,NaN,df,df,1
1778436649,9958,13.2227,12.7695,NaN,NaN,NaN,NaN,df,df,1
1778436709,10018,13.2227,12.7695,NaN,NaN,NaN,NaN,df,df,1
1778436769,10078,13.2227,12.7695,NaN,NaN,NaN,NaN,df,df,1
1778436830,10139,13.2227,12.7695,NaN,NaN,NaN,NaN,df,df,1
1778436890,10199,13.2227,12.7695,NaN,NaN,NaN,NaN,df,df,1
1778436951,10260,13.2227,12.7695,NaN,NaN,NaN,NaN,df,df,1
1778437011,10320,13.2227,12.7695,NaN,NaN,NaN,NaN,df,df,1
1778437077,10386,13.2227,NaN,NaN,NaN,NaN,NaN,df,mixed,0
1778437137,10446,13.2227,NaN,NaN,NaN,NaN,NaN,df,mixed,0
1778437198,10507,13.2227,NaN,NaN,NaN,NaN,NaN,df,mixed,0
1778437258,10567,13.2227,NaN,NaN,NaN,NaN,NaN,df,mixed,0
1778437318,10627,13.2227,NaN,NaN,NaN,NaN,NaN,df,mixed,0
1778437379,10688,13.2227,NaN,NaN,NaN,NaN,NaN,df,mixed,0
1778437439,10748,13.2227,NaN,NaN,NaN,NaN,NaN,df,mixed,0
1778437499,10808,13.2227,NaN,NaN,NaN,NaN,NaN,df,mixed,0
1778437560,10869,13.2227,NaN,NaN,NaN,NaN,NaN,df,mixed,0
1778437620,10929,13.2227,NaN,NaN,NaN,NaN,NaN,df,mixed,0
1778437682,10991,13.2227,10.2617,NaN,NaN,NaN,NaN,df,df,1
1778437742,11051,13.2227,10.2617,NaN,NaN,NaN,NaN,df,df,1
1778437803,11112,13.2227,10.8086,NaN,NaN,NaN,NaN,df,df,1
1778437863,11172,13.2227,10.8086,NaN,NaN,NaN,NaN,df,df,1
1778437924,11233,13.2227,10.8086,NaN,NaN,NaN,NaN,df,df,1
1778437984,11293,13.2227,10.8086,NaN,NaN,NaN,NaN,df,df,1
1778438044,11353,13.2227,11.832,NaN,NaN,NaN,NaN,df,df,1
1778438105,11414,13.2227,11.832,NaN,NaN,NaN,NaN,df,df,1
1778438165,11474,13.2227,11.832,NaN,NaN,NaN,NaN,df,df,1
1778438226,11535,13.2227,11.832,NaN,NaN,NaN,NaN,df,df,1
1778438292,11601,13.2227,NaN,NaN,NaN,NaN,NaN,df,mixed,0
1778438352,11661,13.2227,NaN,NaN,NaN,NaN,NaN,df,mixed,0
1778438412,11721,13.2227,NaN,NaN,NaN,NaN,NaN,df,mixed,0
1778438473,11782,13.2227,NaN,NaN,NaN,NaN,NaN,df,mixed,0
1778438533,11842,13.2227,NaN,NaN,NaN,NaN,NaN,df,mixed,0
1778438593,11902,13.2227,NaN,NaN,NaN,NaN,NaN,df,mixed,0
1778438654,11963,13.2227,NaN,NaN,NaN,NaN,NaN,df,mixed,0
1778438714,12023,13.2227,NaN,NaN,NaN,NaN,NaN,df,mixed,0
1778438774,12083,13.2227,NaN,NaN,NaN,NaN,NaN,df,mixed,0
1778438835,12144,13.2227,NaN,NaN,NaN,NaN,NaN,df,mixed,0
1778438896,12205,13.2227,10.9766,NaN,NaN,NaN,NaN,df,df,1
1778438957,12266,13.2227,10.9766,NaN,NaN,NaN,NaN,df,df,1
1778439017,12326,13.2227,10.9766,NaN,NaN,NaN,NaN,df,df,1
1778439078,12387,13.2227,10.9766,NaN,NaN,NaN,NaN,df,df,1
1778439138,12447,13.2227,10.9766,NaN,NaN,NaN,NaN,df,df,1
1778439199,12508,13.2227,10.9766,NaN,NaN,NaN,NaN,df,df,1
1778439259,12568,13.2227,10.9766,NaN,NaN,NaN,NaN,df,df,1
1778439320,12629,13.2227,10.9766,NaN,NaN,NaN,NaN,df,df,1
1778439380,12689,13.2227,10.9766,NaN,NaN,NaN,NaN,df,df,1
1778439441,12750,13.9453,10.9766,NaN,NaN,NaN,NaN,df,df,1
1778439506,12815,13.9453,NaN,NaN,NaN,NaN,NaN,df,mixed,0
1778439567,12876,13.9453,NaN,NaN,NaN,NaN,NaN,df,mixed,0
1778439627,12936,13.9453,NaN,NaN,NaN,NaN,NaN,df,mixed,0
1778439687,12996,13.9453,NaN,NaN,NaN,NaN,NaN,df,mixed,0
1778439748,13057,13.9453,NaN,NaN,NaN,NaN,NaN,df,mixed,0
1778439808,13117,13.9453,NaN,NaN,NaN,NaN,NaN,df,mixed,0
1778439868,13177,13.9453,NaN,NaN,NaN,NaN,NaN,df,mixed,0
1778439929,13238,13.9453,NaN,NaN,NaN,NaN,NaN,df,mixed,0
1778439989,13298,13.9453,NaN,NaN,NaN,NaN,NaN,df,mixed,0
1778440050,13359,13.9453,NaN,NaN,NaN,NaN,NaN,df,mixed,0
1778440111,13420,13.9453,11.1367,NaN,NaN,NaN,NaN,df,df,1
1778440172,13481,13.9453,11.1367,NaN,NaN,NaN,NaN,df,df,1
1778440232,13541,13.9453,11.1367,NaN,NaN,NaN,NaN,df,df,1
1778440293,13602,13.9453,11.1367,NaN,NaN,NaN,NaN,df,df,1
1778440353,13662,13.9453,11.1367,NaN,NaN,NaN,NaN,df,df,1
1778440414,13723,13.9453,11.1367,NaN,NaN,NaN,NaN,df,df,1
1778440474,13783,13.9453,11.8008,NaN,NaN,NaN,NaN,df,df,1
1778440534,13843,13.9453,11.8008,NaN,NaN,NaN,NaN,df,df,1
1778440595,13904,13.9453,11.8008,NaN,NaN,NaN,NaN,df,df,1
1778440655,13964,13.9453,11.8008,NaN,NaN,NaN,NaN,df,df,1
1778440721,14030,13.9453,NaN,NaN,NaN,NaN,NaN,df,mixed,0
1778440781,14090,13.9453,NaN,NaN,NaN,NaN,NaN,df,mixed,0
1778440842,14151,13.9453,NaN,NaN,NaN,NaN,NaN,df,mixed,0
1778440902,14211,13.9453,NaN,NaN,NaN,NaN,NaN,df,mixed,0
1778440962,14271,13.9453,NaN,NaN,NaN,NaN,NaN,df,mixed,0
1778441023,14332,13.9453,NaN,NaN,NaN,NaN,NaN,df,mixed,0
1778441083,14392,13.9453,NaN,NaN,NaN,NaN,NaN,df,mixed,0
1778441143,14452,13.9453,NaN,NaN,NaN,NaN,NaN,df,mixed,0
1778441204,14513,13.9453,NaN,NaN,NaN,NaN,NaN,df,mixed,0
1778441264,14573,13.9453,NaN,NaN,NaN,NaN,NaN,df,mixed,0
1778441326,14635,13.9453,11.3867,NaN,NaN,NaN,NaN,df,df,1
1778441386,14695,13.9453,11.3867,NaN,NaN,NaN,NaN,df,df,1
1778441447,14756,13.9453,11.3867,NaN,NaN,NaN,NaN,df,df,1
1778441507,14816,13.9453,11.3867,NaN,NaN,NaN,NaN,df,df,1
1778441568,14877,13.9453,11.3867,NaN,NaN,NaN,NaN,df,df,1
1778441628,14937,13.9453,11.3867,NaN,NaN,NaN,NaN,df,df,1
1778441689,14998,13.9453,11.3867,NaN,NaN,NaN,NaN,df,df,1
1778441749,15058,13.9453,11.3867,NaN,NaN,NaN,NaN,df,df,1
1778441810,15119,13.9453,11.3867,NaN,NaN,NaN,NaN,df,df,1
1778441870,15179,13.9453,11.3867,NaN,NaN,NaN,NaN,df,df,1
1778441936,15245,13.9453,NaN,NaN,NaN,NaN,NaN,df,mixed,0
1778441996,15305,13.9453,NaN,NaN,NaN,NaN,NaN,df,mixed,0
1778442056,15365,13.9453,NaN,NaN,NaN,NaN,NaN,df,mixed,0
1778442117,15426,13.9453,NaN,NaN,NaN,NaN,NaN,df,mixed,0
1778442177,15486,13.9453,NaN,NaN,NaN,NaN,NaN,df,mixed,0
1778442238,15547,13.9453,NaN,NaN,NaN,NaN,NaN,df,mixed,0
1778442298,15607,13.9453,NaN,NaN,NaN,NaN,NaN,df,mixed,0
1778442358,15667,13.9453,NaN,NaN,NaN,NaN,NaN,df,mixed,0
1778442419,15728,13.9453,NaN,NaN,NaN,NaN,NaN,df,mixed,0
1778442479,15788,13.9453,NaN,NaN,NaN,NaN,NaN,df,mixed,0
1778442541,15850,13.9453,10.1992,NaN,NaN,NaN,NaN,df,df,1
1778442601,15910,13.9453,10.1992,NaN,NaN,NaN,NaN,df,df,1
1778442662,15971,13.9453,10.1992,NaN,NaN,NaN,NaN,df,df,1
1778442722,16031,13.9453,11.418,NaN,NaN,NaN,NaN,df,df,1
1778442782,16091,13.9453,11.418,NaN,NaN,NaN,NaN,df,df,1
1778442843,16152,13.9453,11.9648,NaN,NaN,NaN,NaN,df,df,1
1778442903,16212,13.9453,11.9648,NaN,NaN,NaN,NaN,df,df,1
1778442964,16273,13.9453,11.9648,NaN,NaN,NaN,NaN,df,df,1
1778443024,16333,13.9453,11.9648,NaN,NaN,NaN,NaN,df,df,1
1778443085,16394,13.9453,11.9648,NaN,NaN,NaN,NaN,df,df,1
1778443151,16460,13.9453,NaN,NaN,NaN,NaN,NaN,df,mixed,0
1778443211,16520,13.9453,NaN,NaN,NaN,NaN,NaN,df,mixed,0
1778443271,16580,13.9453,NaN,NaN,NaN,NaN,NaN,df,mixed,0
1778443332,16641,13.9453,NaN,NaN,NaN,NaN,NaN,df,mixed,0
1778443392,16701,13.9453,NaN,NaN,NaN,NaN,NaN,df,mixed,0
1778443452,16761,13.9453,NaN,NaN,NaN,NaN,NaN,df,mixed,0
1778443513,16822,13.9453,NaN,NaN,NaN,NaN,NaN,df,mixed,0
1778443573,16882,13.9453,NaN,NaN,NaN,NaN,NaN,df,mixed,0
1778443633,16942,13.9453,NaN,NaN,NaN,NaN,NaN,df,mixed,0
1778443694,17003,13.9453,NaN,NaN,NaN,NaN,NaN,df,mixed,0
1778443755,17064,13.9453,10.2109,NaN,NaN,NaN,NaN,df,df,1
1778443816,17125,13.9453,11.3516,NaN,NaN,NaN,NaN,df,df,1
1778443876,17185,13.9453,11.3516,NaN,NaN,NaN,NaN,df,df,1
1778443937,17246,13.9453,11.3516,NaN,NaN,NaN,NaN,df,df,1
1778443997,17306,13.9453,11.3516,NaN,NaN,NaN,NaN,df,df,1
1778444058,17367,13.9453,11.3516,NaN,NaN,NaN,NaN,df,df,1
1778444118,17427,13.9453,11.3516,NaN,NaN,NaN,NaN,df,df,1
1778444179,17488,13.9453,11.3516,NaN,NaN,NaN,NaN,df,df,1
1778444239,17548,13.9453,11.3516,NaN,NaN,NaN,NaN,df,df,1
1778444299,17608,13.9453,11.3516,NaN,NaN,NaN,NaN,df,df,1
1778444365,17674,13.9453,NaN,NaN,NaN,NaN,NaN,df,mixed,0
1778444425,17734,13.9453,NaN,NaN,NaN,NaN,NaN,df,mixed,0
1778444486,17795,13.9453,NaN,NaN,NaN,NaN,NaN,df,mixed,0
1778444546,17855,13.9453,NaN,NaN,NaN,NaN,NaN,df,mixed,0
1778444606,17915,13.9453,NaN,NaN,NaN,NaN,NaN,df,mixed,0
1778444667,17976,13.9453,NaN,NaN,NaN,NaN,NaN,df,mixed,0
1778444727,18036,13.9453,NaN,NaN,NaN,NaN,NaN,df,mixed,0
1778444787,18096,13.9453,NaN,NaN,NaN,NaN,NaN,df,mixed,0
1778444848,18157,13.9453,NaN,NaN,NaN,NaN,NaN,df,mixed,0
1778444908,18217,13.9453,NaN,NaN,NaN,NaN,NaN,df,mixed,0
1778444970,18279,13.9453,11.7422,NaN,NaN,NaN,NaN,df,df,1
1778445030,18339,13.9453,11.7422,NaN,NaN,NaN,NaN,df,df,1
1778445091,18400,13.9453,11.7422,NaN,NaN,NaN,NaN,df,df,1
1778445151,18460,13.9453,11.7422,NaN,NaN,NaN,NaN,df,df,1
1778445212,18521,13.9453,11.7422,NaN,NaN,NaN,NaN,df,df,1
1778445272,18581,13.9453,11.7422,NaN,NaN,NaN,NaN,df,df,1
1778445333,18642,13.9453,11.7422,NaN,NaN,NaN,NaN,df,df,1
1778445393,18702,13.9453,12.2305,NaN,NaN,NaN,NaN,df,df,1
1778445454,18763,13.9453,12.2305,NaN,NaN,NaN,NaN,df,df,1
1778445514,18823,13.9453,12.2305,NaN,NaN,NaN,NaN,df,df,1
1778445580,18889,13.9453,NaN,NaN,NaN,NaN,NaN,df,mixed,0
1778445640,18949,13.9453,NaN,NaN,NaN,NaN,NaN,df,mixed,0
1778445701,19010,13.9453,NaN,NaN,NaN,NaN,NaN,df,mixed,0
1778445761,19070,13.9453,NaN,NaN,NaN,NaN,NaN,df,mixed,0
1778445821,19130,13.9453,NaN,NaN,NaN,NaN,NaN,df,mixed,0
1778445882,19191,13.9453,NaN,NaN,NaN,NaN,NaN,df,mixed,0
1778445942,19251,13.9453,NaN,NaN,NaN,NaN,NaN,df,mixed,0
1778446002,19311,13.9453,NaN,NaN,NaN,NaN,NaN,df,mixed,0
1778446063,19372,13.9453,NaN,NaN,NaN,NaN,NaN,df,mixed,0
1778446123,19432,13.9453,NaN,NaN,NaN,NaN,NaN,df,mixed,0
1778446185,19494,13.9453,10.332,NaN,NaN,NaN,NaN,df,df,1
1778446245,19554,13.9453,10.332,NaN,NaN,NaN,NaN,df,df,1
1778446306,19615,13.9453,10.332,NaN,NaN,NaN,NaN,df,df,1
1778446366,19675,13.9453,10.8789,NaN,NaN,NaN,NaN,df,df,1
1778446427,19736,13.9453,10.8789,NaN,NaN,NaN,NaN,df,df,1
1778446487,19796,13.9453,10.8789,NaN,NaN,NaN,NaN,df,df,1
1778446548,19857,13.9453,10.8789,NaN,NaN,NaN,NaN,df,df,1
1778446608,19917,13.9453,10.8789,NaN,NaN,NaN,NaN,df,df,1
1778446669,19978,13.9453,11.6602,NaN,NaN,NaN,NaN,df,df,1
1778446729,20038,13.9453,11.6602,NaN,NaN,NaN,NaN,df,df,1
1778446795,20104,13.9453,NaN,NaN,NaN,NaN,NaN,df,mixed,0
1778446855,20164,13.9453,NaN,NaN,NaN,NaN,NaN,df,mixed,0
1778446916,20225,13.9453,NaN,NaN,NaN,NaN,NaN,df,mixed,0
1778446976,20285,13.9453,NaN,NaN,NaN,NaN,NaN,df,mixed,0
1778447036,20345,13.9453,NaN,NaN,NaN,NaN,NaN,df,mixed,0
1778447097,20406,13.9453,NaN,NaN,NaN,NaN,NaN,df,mixed,0
1778447157,20466,13.9453,NaN,NaN,NaN,NaN,NaN,df,mixed,0
1778447217,20526,13.9453,NaN,NaN,NaN,NaN,NaN,df,mixed,0
1778447278,20587,13.9453,NaN,NaN,NaN,NaN,NaN,df,mixed,0
1778447338,20647,13.9453,NaN,NaN,NaN,NaN,NaN,df,mixed,0
1778447400,20709,13.9453,10.0352,NaN,NaN,NaN,NaN,df,df,1
1778447460,20769,13.9453,10.0352,NaN,NaN,NaN,NaN,df,df,1
1778447521,20830,13.9453,11.6094,NaN,NaN,NaN,NaN,df,df,1
1778447581,20890,13.9453,11.6094,NaN,NaN,NaN,NaN,df,df,1
1778447642,20951,13.9453,11.6094,NaN,NaN,NaN,NaN,df,df,1
1778447702,21011,13.9453,11.6094,NaN,NaN,NaN,NaN,df,df,1
1778447763,21072,13.9453,11.6094,NaN,NaN,NaN,NaN,df,df,1
1778447823,21132,13.9453,11.6094,NaN,NaN,NaN,NaN,df,df,1
1778447884,21193,13.9453,11.6094,NaN,NaN,NaN,NaN,df,df,1
1778447944,21253,13.9453,11.6094,NaN,NaN,NaN,NaN,df,df,1
1778448010,21319,13.9453,NaN,NaN,NaN,NaN,NaN,df,mixed,0
1778448070,21379,13.9453,NaN,NaN,NaN,NaN,NaN,df,mixed,0
1778448130,21439,13.9453,NaN,NaN,NaN,NaN,NaN,df,mixed,0
1778448191,21500,13.9453,NaN,NaN,NaN,NaN,NaN,df,mixed,0
1778448251,21560,13.9453,NaN,NaN,NaN,NaN,NaN,df,mixed,0
1778448311,21620,13.9453,NaN,NaN,NaN,NaN,NaN,df,mixed,0
1778448372,21681,13.9453,NaN,NaN,NaN,NaN,NaN,df,mixed,0
1778448432,21741,13.9453,NaN,NaN,NaN,NaN,NaN,df,mixed,0
1778448493,21802,13.9453,NaN,NaN,NaN,NaN,NaN,df,mixed,0
1778448553,21862,13.9453,NaN,NaN,NaN,NaN,NaN,df,mixed,0
1778448615,21924,13.9453,10.0664,NaN,NaN,NaN,NaN,df,df,1
1778448675,21984,13.9453,10.0664,NaN,NaN,NaN,NaN,df,df,1
1778448736,22045,13.9453,10.0664,NaN,NaN,NaN,NaN,df,df,1
1778448796,22105,13.9453,10.0664,NaN,NaN,NaN,NaN,df,df,1
1778448856,22165,13.9453,10.0664,NaN,NaN,NaN,NaN,df,df,1
1778448917,22226,13.9453,10.0664,NaN,NaN,NaN,NaN,df,df,1
1778448977,22286,13.9453,10.0664,NaN,NaN,NaN,NaN,df,df,1
1778449038,22347,13.9453,10.0664,NaN,NaN,NaN,NaN,df,df,1
1778449098,22407,13.9453,10.0664,NaN,NaN,NaN,NaN,df,df,1
1778449159,22468,13.9453,10.7305,NaN,NaN,NaN,NaN,df,df,1
1778449224,22533,13.9453,NaN,NaN,NaN,NaN,NaN,df,mixed,0
1778449285,22594,13.9453,NaN,NaN,NaN,NaN,NaN,df,mixed,0
1778449345,22654,13.9453,NaN,NaN,NaN,NaN,NaN,df,mixed,0
1778449405,22714,13.9453,NaN,NaN,NaN,NaN,NaN,df,mixed,0
1778449466,22775,13.9453,NaN,NaN,NaN,NaN,NaN,df,mixed,0
1778449526,22835,13.9453,NaN,NaN,NaN,NaN,NaN,df,mixed,0
1778449587,22896,13.9453,NaN,NaN,NaN,NaN,NaN,df,mixed,0
1778449647,22956,13.9453,NaN,NaN,NaN,NaN,NaN,df,mixed,0
1778449707,23016,13.9453,NaN,NaN,NaN,NaN,NaN,df,mixed,0
1778449768,23077,13.9453,NaN,NaN,NaN,NaN,NaN,df,mixed,0
1778449829,23138,13.9453,11.1523,NaN,NaN,NaN,NaN,df,df,1
1778449890,23199,13.9453,11.1523,NaN,NaN,NaN,NaN,df,df,1
1778449950,23259,13.9453,11.1523,NaN,NaN,NaN,NaN,df,df,1
1778450011,23320,13.9453,11.1523,NaN,NaN,NaN,NaN,df,df,1
1778450071,23380,13.9453,11.1523,NaN,NaN,NaN,NaN,df,df,1
1778450132,23441,13.9453,11.1523,NaN,NaN,NaN,NaN,df,df,1
1778450192,23501,13.9453,11.1523,NaN,NaN,NaN,NaN,df,df,1
1778450253,23562,13.9453,11.1523,NaN,NaN,NaN,NaN,df,df,1
1778450313,23622,13.9453,11.1523,NaN,NaN,NaN,NaN,df,df,1
1778450374,23683,13.9453,11.1523,NaN,NaN,NaN,NaN,df,df,1
1778450439,23748,13.9453,NaN,NaN,NaN,NaN,NaN,df,mixed,0
1778450500,23809,13.9453,NaN,NaN,NaN,NaN,NaN,df,mixed,0
1778450560,23869,13.9453,NaN,NaN,NaN,NaN,NaN,df,mixed,0
1778450620,23929,13.9453,NaN,NaN,NaN,NaN,NaN,df,mixed,0
1778450681,23990,13.9453,NaN,NaN,NaN,NaN,NaN,df,mixed,0
1778450741,24050,13.9453,NaN,NaN,NaN,NaN,NaN,df,mixed,0
1778450801,24110,13.9453,NaN,NaN,NaN,NaN,NaN,df,mixed,0
1778450862,24171,13.9453,NaN,NaN,NaN,NaN,NaN,df,mixed,0
1778450922,24231,13.9453,NaN,NaN,NaN,NaN,NaN,df,mixed,0
1778450982,24291,13.9453,NaN,NaN,NaN,NaN,NaN,df,mixed,0
1778451044,24353,13.9453,10.3203,NaN,NaN,NaN,NaN,df,df,1
1778451105,24414,13.9453,10.3203,NaN,NaN,NaN,NaN,df,df,1
1778451165,24474,13.9453,10.3203,NaN,NaN,NaN,NaN,df,df,1
1778451226,24535,13.9453,10.3203,NaN,NaN,NaN,NaN,df,df,1
1778451286,24595,13.9453,10.3203,NaN,NaN,NaN,NaN,df,df,1
1778451346,24655,13.9453,10.3203,NaN,NaN,NaN,NaN,df,df,1
1778451407,24716,13.9453,10.3203,NaN,NaN,NaN,NaN,df,df,1
1778451467,24776,13.9453,10.3203,NaN,NaN,NaN,NaN,df,df,1
1778451528,24837,13.9453,10.3203,NaN,NaN,NaN,NaN,df,df,1
1778451588,24897,13.9453,10.3203,NaN,NaN,NaN,NaN,df,df,1
1778451654,24963,13.9453,NaN,NaN,NaN,NaN,NaN,df,mixed,0
1778451714,25023,13.9453,NaN,NaN,NaN,NaN,NaN,df,mixed,0
1778451775,25084,13.9453,NaN,NaN,NaN,NaN,NaN,df,mixed,0
1778451835,25144,13.9453,NaN,NaN,NaN,NaN,NaN,df,mixed,0
1778451895,25204,13.9453,NaN,NaN,NaN,NaN,NaN,df,mixed,0
1778451956,25265,13.9453,NaN,NaN,NaN,NaN,NaN,df,mixed,0
1778452016,25325,13.9453,NaN,NaN,NaN,NaN,NaN,df,mixed,0
1778452076,25385,13.9453,NaN,NaN,NaN,NaN,NaN,df,mixed,0
1778452137,25446,13.9453,NaN,NaN,NaN,NaN,NaN,df,mixed,0
1778452197,25506,13.9453,NaN,NaN,NaN,NaN,NaN,df,mixed,0
1778452259,25568,13.9453,10.2031,NaN,NaN,NaN,NaN,df,df,1
1778452319,25628,13.9453,11.3711,NaN,NaN,NaN,NaN,df,df,1
1778452380,25689,13.9453,11.3711,NaN,NaN,NaN,NaN,df,df,1
1778452440,25749,13.9453,11.918,NaN,NaN,NaN,NaN,df,df,1
1778452500,25809,13.9453,11.918,NaN,NaN,NaN,NaN,df,df,1
1778452561,25870,13.9453,11.918,NaN,NaN,NaN,NaN,df,df,1
1778452621,25930,13.9453,11.918,NaN,NaN,NaN,NaN,df,df,1
1778452682,25991,13.9453,11.918,NaN,NaN,NaN,NaN,df,df,1
1778452742,26051,13.9453,11.918,NaN,NaN,NaN,NaN,df,df,1
1778452803,26112,13.9453,11.918,NaN,NaN,NaN,NaN,df,df,1
1778452869,26178,13.9453,NaN,NaN,NaN,NaN,NaN,df,mixed,0
1778452929,26238,13.9453,NaN,NaN,NaN,NaN,NaN,df,mixed,0
1778452989,26298,13.9453,NaN,NaN,NaN,NaN,NaN,df,mixed,0
1778453050,26359,13.9453,NaN,NaN,NaN,NaN,NaN,df,mixed,0
1778453110,26419,13.9453,NaN,NaN,NaN,NaN,NaN,df,mixed,0
1778453170,26479,13.9453,NaN,NaN,NaN,NaN,NaN,df,mixed,0
1778453231,26540,13.9453,NaN,NaN,NaN,NaN,NaN,df,mixed,0
1778453291,26600,13.9453,NaN,NaN,NaN,NaN,NaN,df,mixed,0
1778453351,26660,13.9453,NaN,NaN,NaN,NaN,NaN,df,mixed,0
1778453412,26721,13.9453,NaN,NaN,NaN,NaN,NaN,df,mixed,0
1778453473,26782,13.9453,11.5078,NaN,NaN,NaN,NaN,df,df,1
1778453534,26843,13.9453,11.5078,NaN,NaN,NaN,NaN,df,df,1
1778453594,26903,13.9453,11.9961,NaN,NaN,NaN,NaN,df,df,1
1778453655,26964,13.9453,11.9961,NaN,NaN,NaN,NaN,df,df,1
1778453715,27024,13.9453,11.9961,NaN,NaN,NaN,NaN,df,df,1
1778453776,27085,13.9453,11.9961,NaN,NaN,NaN,NaN,df,df,1
1778453836,27145,13.9453,11.9961,NaN,NaN,NaN,NaN,df,df,1
1778453897,27206,13.9453,11.9961,NaN,NaN,NaN,NaN,df,df,1
1778453957,27266,13.9453,11.9961,NaN,NaN,NaN,NaN,df,df,1
1778454018,27327,13.9453,11.9961,NaN,NaN,NaN,NaN,df,df,1
1778454083,27392,13.9453,NaN,NaN,NaN,NaN,NaN,df,mixed,0
1778454144,27453,13.9453,NaN,NaN,NaN,NaN,NaN,df,mixed,0
1778454204,27513,13.9453,NaN,NaN,NaN,NaN,NaN,df,mixed,0
1778454264,27573,13.9453,NaN,NaN,NaN,NaN,NaN,df,mixed,0
1778454325,27634,13.9453,NaN,NaN,NaN,NaN,NaN,df,mixed,0
1778454385,27694,13.9453,NaN,NaN,NaN,NaN,NaN,df,mixed,0
1778454445,27754,13.9453,NaN,NaN,NaN,NaN,NaN,df,mixed,0
1778454506,27815,13.9453,NaN,NaN,NaN,NaN,NaN,df,mixed,0
1778454566,27875,13.9453,NaN,NaN,NaN,NaN,NaN,df,mixed,0
1778454626,27935,13.9453,NaN,NaN,NaN,NaN,NaN,df,mixed,0
1778454689,27998,13.9453,11.5898,NaN,NaN,NaN,NaN,df,df,1
1778454749,28058,13.9453,11.5898,NaN,NaN,NaN,NaN,df,df,1
1778454810,28119,13.9453,11.5898,NaN,NaN,NaN,NaN,df,df,1
1778454870,28179,13.9453,11.5898,NaN,NaN,NaN,NaN,df,df,1
1778454930,28239,13.9453,11.5898,NaN,NaN,NaN,NaN,df,df,1
1778454991,28300,13.9453,11.5898,NaN,NaN,NaN,NaN,df,df,1
1778455051,28360,13.9453,12.0781,NaN,NaN,NaN,NaN,df,df,1
1778455112,28421,13.9453,12.0781,NaN,NaN,NaN,NaN,df,df,1
1778455172,28481,13.9453,12.0781,NaN,NaN,NaN,NaN,df,df,1
1778455233,28542,13.9453,12.0781,NaN,NaN,NaN,NaN,df,df,1
1778455298,28607,13.9453,NaN,NaN,NaN,NaN,NaN,df,mixed,0
1778455359,28668,13.9453,NaN,NaN,NaN,NaN,NaN,df,mixed,0
1778455419,28728,13.9453,NaN,NaN,NaN,NaN,NaN,df,mixed,0
1778455479,28788,13.9453,NaN,NaN,NaN,NaN,NaN,df,mixed,0
1778455540,28849,13.9453,NaN,NaN,NaN,NaN,NaN,df,mixed,0
1778455600,28909,13.9453,NaN,NaN,NaN,NaN,NaN,df,mixed,0
1778455661,28970,13.9453,NaN,NaN,NaN,NaN,NaN,df,mixed,0
1778455721,29030,13.9453,NaN,NaN,NaN,NaN,NaN,df,mixed,0
1778455781,29090,13.9453,NaN,NaN,NaN,NaN,NaN,df,mixed,0
1778455842,29151,13.9453,NaN,NaN,NaN,NaN,NaN,df,mixed,0
1778455903,29212,13.9453,11.5898,NaN,NaN,NaN,NaN,df,df,1
1778455964,29273,13.9453,11.5898,NaN,NaN,NaN,NaN,df,df,1
1778456024,29333,13.9453,11.5898,NaN,NaN,NaN,NaN,df,df,1
1778456085,29394,13.9453,11.5898,NaN,NaN,NaN,NaN,df,df,1
1778456145,29454,13.9453,11.5898,NaN,NaN,NaN,NaN,df,df,1
1778456206,29515,13.9453,11.5898,NaN,NaN,NaN,NaN,df,df,1
1778456266,29575,13.9453,11.5898,NaN,NaN,NaN,NaN,df,df,1
1778456326,29635,13.9453,11.5898,NaN,NaN,NaN,NaN,df,df,1
1778456387,29696,13.9453,11.5898,NaN,NaN,NaN,NaN,df,df,1
1778456447,29756,13.9453,11.5898,NaN,NaN,NaN,NaN,df,df,1
1778456513,29822,13.9453,NaN,NaN,NaN,NaN,NaN,df,mixed,0
1778456573,29882,13.9453,NaN,NaN,NaN,NaN,NaN,df,mixed,0
1778456634,29943,13.9453,NaN,NaN,NaN,NaN,NaN,df,mixed,0
1778456694,30003,13.9453,NaN,NaN,NaN,NaN,NaN,df,mixed,0
1778456755,30064,13.9453,NaN,NaN,NaN,NaN,NaN,df,mixed,0
1778456815,30124,13.9453,NaN,NaN,NaN,NaN,NaN,df,mixed,0
1778456875,30184,13.9453,NaN,NaN,NaN,NaN,NaN,df,mixed,0
1778456936,30245,13.9453,NaN,NaN,NaN,NaN,NaN,df,mixed,0
1778456996,30305,13.9453,NaN,NaN,NaN,NaN,NaN,df,mixed,0
1778457056,30365,13.9453,NaN,NaN,NaN,NaN,NaN,df,mixed,0
1778457118,30427,13.9453,10.2148,NaN,NaN,NaN,NaN,df,df,1
1778457178,30487,13.9453,10.2148,NaN,NaN,NaN,NaN,df,df,1
1778457239,30548,13.9453,10.2148,NaN,NaN,NaN,NaN,df,df,1
1778457299,30608,13.9453,11.4062,NaN,NaN,NaN,NaN,df,df,1
1778457360,30669,13.9453,11.4062,NaN,NaN,NaN,NaN,df,df,1
1778457420,30729,13.9453,11.4062,NaN,NaN,NaN,NaN,df,df,1
1778457481,30790,13.9453,11.4062,NaN,NaN,NaN,NaN,df,df,1
1778457541,30850,13.9453,11.8945,NaN,NaN,NaN,NaN,df,df,1
1778457602,30911,13.9453,11.8945,NaN,NaN,NaN,NaN,df,df,1
1778457662,30971,13.9453,11.8945,NaN,NaN,NaN,NaN,df,df,1
1778457728,31037,13.9453,NaN,NaN,NaN,NaN,NaN,df,mixed,0
1778457788,31097,13.9453,NaN,NaN,NaN,NaN,NaN,df,mixed,0
1778457849,31158,13.9453,NaN,NaN,NaN,NaN,NaN,df,mixed,0
1778457909,31218,13.9453,NaN,NaN,NaN,NaN,NaN,df,mixed,0
1778457969,31278,13.9453,NaN,NaN,NaN,NaN,NaN,df,mixed,0
1778458030,31339,13.9453,NaN,NaN,NaN,NaN,NaN,df,mixed,0
1778458090,31399,13.9453,NaN,NaN,NaN,NaN,NaN,df,mixed,0
1778458150,31459,13.9453,NaN,NaN,NaN,NaN,NaN,df,mixed,0
1778458211,31520,13.9453,NaN,NaN,NaN,NaN,NaN,df,mixed,0
1778458271,31580,13.9453,NaN,NaN,NaN,NaN,NaN,df,mixed,0
1778458333,31642,13.9453,11.5508,NaN,NaN,NaN,NaN,df,df,1
1778458393,31702,13.9453,11.5508,NaN,NaN,NaN,NaN,df,df,1
1778458454,31763,13.9453,11.5508,NaN,NaN,NaN,NaN,df,df,1
1778458514,31823,13.9453,11.5508,NaN,NaN,NaN,NaN,df,df,1
1778458575,31884,13.9453,11.5508,NaN,NaN,NaN,NaN,df,df,1
1778458635,31944,13.9453,11.5508,NaN,NaN,NaN,NaN,df,df,1
1778458696,32005,13.9453,11.5508,NaN,NaN,NaN,NaN,df,df,1
1778458756,32065,13.9453,11.5508,NaN,NaN,NaN,NaN,df,df,1
1778458817,32126,13.9453,12.0977,NaN,NaN,NaN,NaN,df,df,1
1778458877,32186,13.9453,12.0977,NaN,NaN,NaN,NaN,df,df,1
1778458943,32252,13.9453,NaN,NaN,NaN,NaN,NaN,df,mixed,0
1778459003,32312,13.9453,NaN,NaN,NaN,NaN,NaN,df,mixed,0
1778459063,32372,13.9453,NaN,NaN,NaN,NaN,NaN,df,mixed,0
1778459124,32433,13.9453,NaN,NaN,NaN,NaN,NaN,df,mixed,0
1778459184,32493,13.9453,NaN,NaN,NaN,NaN,NaN,df,mixed,0
1778459244,32553,13.9453,NaN,NaN,NaN,NaN,NaN,df,mixed,0
1778459305,32614,13.9453,NaN,NaN,NaN,NaN,NaN,df,mixed,0
1778459365,32674,13.9453,NaN,NaN,NaN,NaN,NaN,df,mixed,0
1778459425,32734,13.9453,NaN,NaN,NaN,NaN,NaN,df,mixed,0
1778459486,32795,13.9453,NaN,NaN,NaN,NaN,NaN,df,mixed,0
1778459548,32857,13.9453,11.4336,NaN,NaN,NaN,NaN,df,df,1
1778459608,32917,13.9453,12.707,NaN,NaN,NaN,NaN,df,df,1
1778459669,32978,13.9453,12.707,NaN,NaN,NaN,NaN,df,df,1
1778459729,33038,13.9453,12.707,NaN,NaN,NaN,NaN,df,df,1
1778459790,33099,13.9453,12.707,NaN,NaN,NaN,NaN,df,df,1
1778459850,33159,13.9453,12.707,NaN,NaN,NaN,NaN,df,df,1
1778459911,33220,13.9453,12.707,NaN,NaN,NaN,NaN,df,df,1
1778459971,33280,13.9453,12.707,NaN,NaN,NaN,NaN,df,df,1
1778460031,33340,13.9453,12.707,NaN,NaN,NaN,NaN,df,df,1
1778460092,33401,13.9453,12.707,NaN,NaN,NaN,NaN,df,df,1
1778460158,33467,13.9453,NaN,NaN,NaN,NaN,NaN,df,mixed,0
1778460218,33527,13.9453,NaN,NaN,NaN,NaN,NaN,df,mixed,0
1778460278,33587,13.9453,NaN,NaN,NaN,NaN,NaN,df,mixed,0
1778460339,33648,13.9453,NaN,NaN,NaN,NaN,NaN,df,mixed,0
1778460399,33708,13.9453,NaN,NaN,NaN,NaN,NaN,df,mixed,0
1778460459,33768,13.9453,NaN,NaN,NaN,NaN,NaN,df,mixed,0
1778460520,33829,13.9453,NaN,NaN,NaN,NaN,NaN,df,mixed,0
1778460580,33889,13.9453,NaN,NaN,NaN,NaN,NaN,df,mixed,0
1778460640,33949,13.9453,NaN,NaN,NaN,NaN,NaN,df,mixed,0
1778460701,34010,13.9453,NaN,NaN,NaN,NaN,NaN,df,mixed,0
1778460762,34071,13.9453,10.2773,NaN,NaN,NaN,NaN,df,df,1
1778460823,34132,13.9453,10.2773,NaN,NaN,NaN,NaN,df,df,1
1778460883,34192,13.9453,10.2773,NaN,NaN,NaN,NaN,df,df,1
1778460944,34253,13.9453,10.2773,NaN,NaN,NaN,NaN,df,df,1
1778461004,34313,13.9453,10.2773,NaN,NaN,NaN,NaN,df,df,1
1778461065,34374,13.9453,10.2773,NaN,NaN,NaN,NaN,df,df,1
1778461125,34434,13.9453,10.2773,NaN,NaN,NaN,NaN,df,df,1
1778461186,34495,13.9453,10.2773,NaN,NaN,NaN,NaN,df,df,1
1778461246,34555,13.9453,10.2773,NaN,NaN,NaN,NaN,df,df,1
1778461307,34616,13.9453,10.2773,NaN,NaN,NaN,NaN,df,df,1
1778461372,34681,13.9453,NaN,NaN,NaN,NaN,NaN,df,mixed,0
1778461433,34742,13.9453,NaN,NaN,NaN,NaN,NaN,df,mixed,0
1778461493,34802,13.9453,NaN,NaN,NaN,NaN,NaN,df,mixed,0
1778461553,34862,13.9453,NaN,NaN,NaN,NaN,NaN,df,mixed,0
1778461614,34923,13.9453,NaN,NaN,NaN,NaN,NaN,df,mixed,0
1778461674,34983,13.9453,NaN,NaN,NaN,NaN,NaN,df,mixed,0
1778461734,35043,13.9453,NaN,NaN,NaN,NaN,NaN,df,mixed,0
1778461795,35104,13.9453,NaN,NaN,NaN,NaN,NaN,df,mixed,0
1778461855,35164,13.9453,NaN,NaN,NaN,NaN,NaN,df,mixed,0
1778461915,35224,13.9453,NaN,NaN,NaN,NaN,NaN,df,mixed,0
1778461977,35286,13.9453,10.043,NaN,NaN,NaN,NaN,df,df,1
1778462038,35347,13.9453,10.043,NaN,NaN,NaN,NaN,df,df,1
1778462098,35407,13.9453,10.043,NaN,NaN,NaN,NaN,df,df,1
1778462158,35467,13.9453,11.5273,NaN,NaN,NaN,NaN,df,df,1
1778462219,35528,13.9453,11.5273,NaN,NaN,NaN,NaN,df,df,1
1778462279,35588,13.9453,11.5273,NaN,NaN,NaN,NaN,df,df,1
1778462340,35649,13.9453,12.0742,NaN,NaN,NaN,NaN,df,df,1
1778462400,35709,13.9453,12.0742,NaN,NaN,NaN,NaN,df,df,1
1778462461,35770,13.9453,12.0742,NaN,NaN,NaN,NaN,df,df,1
1778462521,35830,13.9453,12.0742,NaN,NaN,NaN,NaN,df,df,1
1778462587,35896,13.9453,NaN,NaN,NaN,NaN,NaN,df,mixed,0
1778462647,35956,13.9453,NaN,NaN,NaN,NaN,NaN,df,mixed,0
1778462708,36017,13.9453,NaN,NaN,NaN,NaN,NaN,df,mixed,0
1778462768,36077,13.9453,NaN,NaN,NaN,NaN,NaN,df,mixed,0
1778462829,36138,13.9453,NaN,NaN,NaN,NaN,NaN,df,mixed,0
1778462889,36198,13.9453,NaN,NaN,NaN,NaN,NaN,df,mixed,0
1778462949,36258,13.9453,NaN,NaN,NaN,NaN,NaN,df,mixed,0
1778463010,36319,13.9453,NaN,NaN,NaN,NaN,NaN,df,mixed,0
1778463070,36379,13.9453,NaN,NaN,NaN,NaN,NaN,df,mixed,0
1778463130,36439,13.9453,NaN,NaN,NaN,NaN,NaN,df,mixed,0
1778463192,36501,13.9453,10.3047,NaN,NaN,NaN,NaN,df,df,1
1778463252,36561,13.9453,10.3047,NaN,NaN,NaN,NaN,df,df,1
1778463313,36622,13.9453,11.8477,NaN,NaN,NaN,NaN,df,df,1
1778463373,36682,13.9453,12.9648,NaN,NaN,NaN,NaN,df,df,1
1778463434,36743,13.9453,12.9648,NaN,NaN,NaN,NaN,df,df,1
1778463494,36803,13.9453,12.9648,NaN,NaN,NaN,NaN,df,df,1
1778463555,36864,13.9453,12.9648,NaN,NaN,NaN,NaN,df,df,1
1778463615,36924,13.9453,12.9648,NaN,NaN,NaN,NaN,df,df,1
1778463676,36985,13.9453,12.9648,NaN,NaN,NaN,NaN,df,df,1
1778463736,37045,13.9453,12.9648,NaN,NaN,NaN,NaN,df,df,1
1778463802,37111,13.9453,NaN,NaN,NaN,NaN,NaN,df,mixed,0
1778463862,37171,13.9453,NaN,NaN,NaN,NaN,NaN,df,mixed,0
1778463923,37232,13.9453,NaN,NaN,NaN,NaN,NaN,df,mixed,0
1778463983,37292,13.9453,NaN,NaN,NaN,NaN,NaN,df,mixed,0
1778464043,37352,13.9453,NaN,NaN,NaN,NaN,NaN,df,mixed,0
1778464104,37413,13.9453,NaN,NaN,NaN,NaN,NaN,df,mixed,0
1778464164,37473,13.9453,NaN,NaN,NaN,NaN,NaN,df,mixed,0
1778464224,37533,13.9453,NaN,NaN,NaN,NaN,NaN,df,mixed,0
1778464285,37594,13.9453,NaN,NaN,NaN,NaN,NaN,df,mixed,0
1778464345,37654,13.9453,NaN,NaN,NaN,NaN,NaN,df,mixed,0
1778464407,37716,13.9453,12.2422,NaN,NaN,NaN,NaN,df,df,1
1778464467,37776,13.9453,12.2422,NaN,NaN,NaN,NaN,df,df,1
1778464527,37836,13.9453,12.2422,NaN,NaN,NaN,NaN,df,df,1
1778464588,37897,13.9453,12.2422,NaN,NaN,NaN,NaN,df,df,1
1778464648,37957,13.9453,12.2422,NaN,NaN,NaN,NaN,df,df,1
1778464709,38018,13.9453,12.2422,NaN,NaN,NaN,NaN,df,df,1
1778464769,38078,13.9453,12.2422,NaN,NaN,NaN,NaN,df,df,1
1778464830,38139,13.9453,12.2422,NaN,NaN,NaN,NaN,df,df,1
1778464890,38199,13.9453,12.2422,NaN,NaN,NaN,NaN,df,df,1
1778464951,38260,13.9453,12.2422,NaN,NaN,NaN,NaN,df,df,1
1778465016,38325,13.9453,NaN,NaN,NaN,NaN,NaN,df,mixed,0
1778465077,38386,13.9453,NaN,NaN,NaN,NaN,NaN,df,mixed,0
1778465137,38446,13.9453,NaN,NaN,NaN,NaN,NaN,df,mixed,0
1778465198,38507,13.9453,NaN,NaN,NaN,NaN,NaN,df,mixed,0
1778465258,38567,13.9453,NaN,NaN,NaN,NaN,NaN,df,mixed,0
1778465318,38627,13.9453,NaN,NaN,NaN,NaN,NaN,df,mixed,0
1778465379,38688,13.9453,NaN,NaN,NaN,NaN,NaN,df,mixed,0
1778465439,38748,13.9453,NaN,NaN,NaN,NaN,NaN,df,mixed,0
1778465499,38808,13.9453,NaN,NaN,NaN,NaN,NaN,df,mixed,0
1778465560,38869,13.9453,NaN,NaN,NaN,NaN,NaN,df,mixed,0
1778465621,38930,13.9453,9.92969,NaN,NaN,NaN,NaN,df,df,1
1778465682,38991,13.9453,9.92969,NaN,NaN,NaN,NaN,df,df,1
1778465742,39051,13.9453,9.92969,NaN,NaN,NaN,NaN,df,df,1
1778465803,39112,13.9453,9.92969,NaN,NaN,NaN,NaN,df,df,1
1778465863,39172,13.9453,9.92969,NaN,NaN,NaN,NaN,df,df,1
1778465924,39233,13.9453,9.92969,NaN,NaN,NaN,NaN,df,df,1
1778465984,39293,13.9453,9.92969,NaN,NaN,NaN,NaN,df,df,1
1778466044,39353,13.9453,9.92969,NaN,NaN,NaN,NaN,df,df,1
1778466105,39414,13.9453,10.418,NaN,NaN,NaN,NaN,df,df,1
1778466165,39474,13.9453,10.418,NaN,NaN,NaN,NaN,df,df,1
1778466231,39540,13.9453,NaN,NaN,NaN,NaN,NaN,df,mixed,0
1778466291,39600,13.9453,NaN,NaN,NaN,NaN,NaN,df,mixed,0
1778466352,39661,13.9453,NaN,NaN,NaN,NaN,NaN,df,mixed,0
1778466412,39721,13.9453,NaN,NaN,NaN,NaN,NaN,df,mixed,0
1778466473,39782,13.9453,NaN,NaN,NaN,NaN,NaN,df,mixed,0
1778466533,39842,13.9453,NaN,NaN,NaN,NaN,NaN,df,mixed,0
1778466593,39902,13.9453,NaN,NaN,NaN,NaN,NaN,df,mixed,0
1778466654,39963,13.9453,NaN,NaN,NaN,NaN,NaN,df,mixed,0
1778466714,40023,13.9453,NaN,NaN,NaN,NaN,NaN,df,mixed,0
1778466774,40083,13.9453,NaN,NaN,NaN,NaN,NaN,df,mixed,0
1778466836,40145,13.9453,11.4844,NaN,NaN,NaN,NaN,df,df,1
1778466896,40205,13.9453,11.4844,NaN,NaN,NaN,NaN,df,df,1
1778466957,40266,13.9453,11.4844,NaN,NaN,NaN,NaN,df,df,1
1778467017,40326,13.9453,11.4844,NaN,NaN,NaN,NaN,df,df,1
1778467078,40387,13.9453,11.4844,NaN,NaN,NaN,NaN,df,df,1
1778467138,40447,13.9453,11.4844,NaN,NaN,NaN,NaN,df,df,1
1778467199,40508,13.9453,11.4844,NaN,NaN,NaN,NaN,df,df,1
1778467259,40568,13.9453,11.4844,NaN,NaN,NaN,NaN,df,df,1
1778467320,40629,13.9453,11.4844,NaN,NaN,NaN,NaN,df,df,1
1778467380,40689,13.9453,11.4844,NaN,NaN,NaN,NaN,df,df,1
1778467446,40755,13.9453,NaN,NaN,NaN,NaN,NaN,df,mixed,0
1778467506,40815,13.9453,NaN,NaN,NaN,NaN,NaN,df,mixed,0
1778467567,40876,13.9453,NaN,NaN,NaN,NaN,NaN,df,mixed,0
1778467627,40936,13.9453,NaN,NaN,NaN,NaN,NaN,df,mixed,0
1778467688,40997,13.9453,NaN,NaN,NaN,NaN,NaN,df,mixed,0
1778467748,41057,13.9453,NaN,NaN,NaN,NaN,NaN,df,mixed,0
1778467808,41117,13.9453,NaN,NaN,NaN,NaN,NaN,df,mixed,0
1778467869,41178,13.9453,NaN,NaN,NaN,NaN,NaN,df,mixed,0
1778467929,41238,13.9453,NaN,NaN,NaN,NaN,NaN,df,mixed,0
1778467989,41298,13.9453,NaN,NaN,NaN,NaN,NaN,df,mixed,0
1778468051,41360,13.9453,10.1484,NaN,NaN,NaN,NaN,df,df,1
1778468111,41420,13.9453,10.1484,NaN,NaN,NaN,NaN,df,df,1
1778468172,41481,13.9453,11.5156,NaN,NaN,NaN,NaN,df,df,1
1778468232,41541,13.9453,11.5156,NaN,NaN,NaN,NaN,df,df,1
1778468293,41602,13.9453,11.5156,NaN,NaN,NaN,NaN,df,df,1
1778468353,41662,13.9453,11.5156,NaN,NaN,NaN,NaN,df,df,1
1778468414,41723,13.9453,11.5156,NaN,NaN,NaN,NaN,df,df,1
1778468474,41783,13.9453,11.5156,NaN,NaN,NaN,NaN,df,df,1
1778468535,41844,13.9453,12.1797,NaN,NaN,NaN,NaN,df,df,1
1778468595,41904,13.9453,12.1797,NaN,NaN,NaN,NaN,df,df,1
1778468661,41970,13.9453,NaN,NaN,NaN,NaN,NaN,df,mixed,0
1778468721,42030,13.9453,NaN,NaN,NaN,NaN,NaN,df,mixed,0
1778468782,42091,13.9453,NaN,NaN,NaN,NaN,NaN,df,mixed,0
1778468842,42151,13.9453,NaN,NaN,NaN,NaN,NaN,df,mixed,0
1778468902,42211,13.9453,NaN,NaN,NaN,NaN,NaN,df,mixed,0
1778468963,42272,13.9453,NaN,NaN,NaN,NaN,NaN,df,mixed,0
1778469023,42332,13.9453,NaN,NaN,NaN,NaN,NaN,df,mixed,0
1778469083,42392,13.9453,NaN,NaN,NaN,NaN,NaN,df,mixed,0
1778469144,42453,13.9453,NaN,NaN,NaN,NaN,NaN,df,mixed,0
1778469204,42513,13.9453,NaN,NaN,NaN,NaN,NaN,df,mixed,0
1778469266,42575,13.9453,10.1836,NaN,NaN,NaN,NaN,df,df,1
1778469326,42635,13.9453,10.1836,NaN,NaN,NaN,NaN,df,df,1
1778469387,42696,13.9453,10.9648,NaN,NaN,NaN,NaN,df,df,1
1778469447,42756,13.9453,10.9648,NaN,NaN,NaN,NaN,df,df,1
1778469508,42817,13.9453,10.9648,NaN,NaN,NaN,NaN,df,df,1
1778469568,42877,13.9453,11.9219,NaN,NaN,NaN,NaN,df,df,1
1778469629,42938,13.9453,11.9219,NaN,NaN,NaN,NaN,df,df,1
1778469689,42998,13.9453,11.9219,NaN,NaN,NaN,NaN,df,df,1
1778469750,43059,13.9453,11.9219,NaN,NaN,NaN,NaN,df,df,1
1778469810,43119,13.9453,11.9219,NaN,NaN,NaN,NaN,df,df,1
1778469876,43185,13.9453,NaN,NaN,NaN,NaN,NaN,df,mixed,0
1778469936,43245,13.9453,NaN,NaN,NaN,NaN,NaN,df,mixed,0
1778469996,43305,13.9453,NaN,NaN,NaN,NaN,NaN,df,mixed,0
1778470057,43366,13.9453,NaN,NaN,NaN,NaN,NaN,df,mixed,0
1778470117,43426,13.9453,NaN,NaN,NaN,NaN,NaN,df,mixed,0
1778470178,43487,13.9453,NaN,NaN,NaN,NaN,NaN,df,mixed,0
1778470238,43547,13.9453,NaN,NaN,NaN,NaN,NaN,df,mixed,0
1778470298,43607,13.9453,NaN,NaN,NaN,NaN,NaN,df,mixed,0
1778470359,43668,13.9453,NaN,NaN,NaN,NaN,NaN,df,mixed,0
1778470419,43728,13.9453,NaN,NaN,NaN,NaN,NaN,df,mixed,0
1778470481,43790,13.9453,10.0664,NaN,NaN,NaN,NaN,df,df,1
1778470541,43850,13.9453,11.1641,NaN,NaN,NaN,NaN,df,df,1
1778470602,43911,13.9453,11.1641,NaN,NaN,NaN,NaN,df,df,1
1778470662,43971,13.9453,11.1641,NaN,NaN,NaN,NaN,df,df,1
1778470723,44032,13.9453,11.1641,NaN,NaN,NaN,NaN,df,df,1
1778470783,44092,13.9453,11.1641,NaN,NaN,NaN,NaN,df,df,1
1778470843,44152,13.9453,11.1641,NaN,NaN,NaN,NaN,df,df,1
1778470904,44213,13.9453,11.1641,NaN,NaN,NaN,NaN,df,df,1
1778470964,44273,13.9453,11.1641,NaN,NaN,NaN,NaN,df,df,1
1778471025,44334,13.9453,11.1641,NaN,NaN,NaN,NaN,df,df,1
1778471091,44400,13.9453,NaN,NaN,NaN,NaN,NaN,df,mixed,0
1778471151,44460,13.9453,NaN,NaN,NaN,NaN,NaN,df,mixed,0
1778471211,44520,13.9453,NaN,NaN,NaN,NaN,NaN,df,mixed,0
1778471272,44581,13.9453,NaN,NaN,NaN,NaN,NaN,df,mixed,0
1778471332,44641,13.9453,NaN,NaN,NaN,NaN,NaN,df,mixed,0
1778471392,44701,13.9453,NaN,NaN,NaN,NaN,NaN,df,mixed,0
1778471453,44762,13.9453,NaN,NaN,NaN,NaN,NaN,df,mixed,0
1778471513,44822,13.9453,NaN,NaN,NaN,NaN,NaN,df,mixed,0
1778471573,44882,13.9453,NaN,NaN,NaN,NaN,NaN,df,mixed,0
1778471634,44943,13.9453,NaN,NaN,NaN,NaN,NaN,df,mixed,0
1778471695,45004,13.9453,11.7461,NaN,NaN,NaN,NaN,df,df,1
1778471756,45065,13.9453,11.7461,NaN,NaN,NaN,NaN,df,df,1
1778471816,45125,13.9453,11.7461,NaN,NaN,NaN,NaN,df,df,1
1778471877,45186,13.9453,11.7461,NaN,NaN,NaN,NaN,df,df,1
1778471937,45246,13.9453,11.7461,NaN,NaN,NaN,NaN,df,df,1
1778471998,45307,13.9453,11.7461,NaN,NaN,NaN,NaN,df,df,1
1778472058,45367,13.9453,11.7461,NaN,NaN,NaN,NaN,df,df,1
1778472119,45428,13.9453,11.7461,NaN,NaN,NaN,NaN,df,df,1
1778472179,45488,13.9453,11.7461,NaN,NaN,NaN,NaN,df,df,1
1778472240,45549,13.9453,11.7461,NaN,NaN,NaN,NaN,df,df,1
1778472305,45614,13.9453,NaN,NaN,NaN,NaN,NaN,df,mixed,0
1778472366,45675,13.9453,NaN,NaN,NaN,NaN,NaN,df,mixed,0
1778472426,45735,13.9453,NaN,NaN,NaN,NaN,NaN,df,mixed,0
1778472486,45795,13.9453,NaN,NaN,NaN,NaN,NaN,df,mixed,0
1778472547,45856,13.9453,NaN,NaN,NaN,NaN,NaN,df,mixed,0
1778472607,45916,13.9453,NaN,NaN,NaN,NaN,NaN,df,mixed,0
1778472668,45977,13.9453,NaN,NaN,NaN,NaN,NaN,df,mixed,0
1778472728,46037,13.9453,NaN,NaN,NaN,NaN,NaN,df,mixed,0
1778472788,46097,13.9453,NaN,NaN,NaN,NaN,NaN,df,mixed,0
1778472849,46158,13.9453,NaN,NaN,NaN,NaN,NaN,df,mixed,0
1778472910,46219,13.9453,11.668,NaN,NaN,NaN,NaN,df,df,1
1778472971,46280,13.9453,11.668,NaN,NaN,NaN,NaN,df,df,1
1778473031,46340,13.9453,11.668,NaN,NaN,NaN,NaN,df,df,1
1778473092,46401,13.9453,11.668,NaN,NaN,NaN,NaN,df,df,1
1778473152,46461,13.9453,11.668,NaN,NaN,NaN,NaN,df,df,1
1778473212,46521,13.9453,12.707,NaN,NaN,NaN,NaN,df,df,1
1778473273,46582,13.9453,12.707,NaN,NaN,NaN,NaN,df,df,1
1778473333,46642,13.9453,12.707,NaN,NaN,NaN,NaN,df,df,1
1778473394,46703,13.9453,12.707,NaN,NaN,NaN,NaN,df,df,1
1778473454,46763,13.9453,12.707,NaN,NaN,NaN,NaN,df,df,1
1778473520,46829,13.9453,NaN,NaN,NaN,NaN,NaN,df,mixed,0
1778473580,46889,13.9453,NaN,NaN,NaN,NaN,NaN,df,mixed,0
1778473641,46950,13.9453,NaN,NaN,NaN,NaN,NaN,df,mixed,0
1778473701,47010,13.9453,NaN,NaN,NaN,NaN,NaN,df,mixed,0
1778473761,47070,13.9453,NaN,NaN,NaN,NaN,NaN,df,mixed,0
1778473822,47131,13.9453,NaN,NaN,NaN,NaN,NaN,df,mixed,0
1778473882,47191,13.9453,NaN,NaN,NaN,NaN,NaN,df,mixed,0
1778473943,47252,13.9453,NaN,NaN,NaN,NaN,NaN,df,mixed,0
1778474003,47312,13.9453,NaN,NaN,NaN,NaN,NaN,df,mixed,0
1778474063,47372,13.9453,NaN,NaN,NaN,NaN,NaN,df,mixed,0
1778474125,47434,13.9453,11.6875,NaN,NaN,NaN,NaN,df,df,1
1778474185,47494,13.9453,11.6875,NaN,NaN,NaN,NaN,df,df,1
1778474246,47555,13.9453,11.6875,NaN,NaN,NaN,NaN,df,df,1
1778474306,47615,13.9453,11.6875,NaN,NaN,NaN,NaN,df,df,1
1778474367,47676,13.9453,11.6875,NaN,NaN,NaN,NaN,df,df,1
1778474427,47736,13.9453,12.2344,NaN,NaN,NaN,NaN,df,df,1
1778474488,47797,13.9453,12.2344,NaN,NaN,NaN,NaN,df,df,1
1778474548,47857,13.9453,12.7812,NaN,NaN,NaN,NaN,df,df,1
1778474609,47918,13.9453,12.7812,NaN,NaN,NaN,NaN,df,df,1
1778474669,47978,13.9453,12.7812,NaN,NaN,NaN,NaN,df,df,1
1778474735,48044,13.9453,NaN,NaN,NaN,NaN,NaN,df,mixed,0
1778474795,48104,13.9453,NaN,NaN,NaN,NaN,NaN,df,mixed,0
1778474856,48165,13.9453,NaN,NaN,NaN,NaN,NaN,df,mixed,0
1778474916,48225,13.9453,NaN,NaN,NaN,NaN,NaN,df,mixed,0
1778474976,48285,13.9453,NaN,NaN,NaN,NaN,NaN,df,mixed,0
1778475037,48346,13.9453,NaN,NaN,NaN,NaN,NaN,df,mixed,0
1778475097,48406,13.9453,NaN,NaN,NaN,NaN,NaN,df,mixed,0
1778475157,48466,13.9453,NaN,NaN,NaN,NaN,NaN,df,mixed,0
1778475218,48527,13.9453,NaN,NaN,NaN,NaN,NaN,df,mixed,0
1778475278,48587,13.9453,NaN,NaN,NaN,NaN,NaN,df,mixed,0
1778475340,48649,13.9453,10.1445,NaN,NaN,NaN,NaN,df,df,1
1778475400,48709,13.9453,10.1445,NaN,NaN,NaN,NaN,df,df,1
1778475461,48770,13.9453,11.168,NaN,NaN,NaN,NaN,df,df,1
1778475521,48830,13.9453,11.168,NaN,NaN,NaN,NaN,df,df,1
1778475581,48890,13.9453,11.168,NaN,NaN,NaN,NaN,df,df,1
1778475642,48951,13.9453,12.0664,NaN,NaN,NaN,NaN,df,df,1
1778475702,49011,13.9453,12.0664,NaN,NaN,NaN,NaN,df,df,1
1778475763,49072,13.9453,12.5547,NaN,NaN,NaN,NaN,df,df,1
1778475823,49132,13.9453,12.5547,NaN,NaN,NaN,NaN,df,df,1
1778475884,49193,13.9453,13.5703,NaN,NaN,NaN,NaN,df,df,1
1778475949,49258,13.9453,NaN,NaN,NaN,NaN,NaN,df,mixed,0
1778476010,49319,13.9453,NaN,NaN,NaN,NaN,NaN,df,mixed,0
1778476070,49379,13.9453,NaN,NaN,NaN,NaN,NaN,df,mixed,0
1778476130,49439,13.9453,NaN,NaN,NaN,NaN,NaN,df,mixed,0
1778476191,49500,13.9453,NaN,NaN,NaN,NaN,NaN,df,mixed,0
1778476251,49560,13.9453,NaN,NaN,NaN,NaN,NaN,df,mixed,0
1778476312,49621,13.9453,NaN,NaN,NaN,NaN,NaN,df,mixed,0
1778476372,49681,13.9453,NaN,NaN,NaN,NaN,NaN,df,mixed,0
1778476432,49741,13.9453,NaN,NaN,NaN,NaN,NaN,df,mixed,0
1778476493,49802,13.9453,NaN,NaN,NaN,NaN,NaN,df,mixed,0
1778476554,49863,13.9453,11.6289,NaN,NaN,NaN,NaN,df,df,1
1778476615,49924,13.9453,11.6289,NaN,NaN,NaN,NaN,df,df,1
1778476675,49984,13.9453,11.6289,NaN,NaN,NaN,NaN,df,df,1
1778476736,50045,13.9453,11.6289,NaN,NaN,NaN,NaN,df,df,1
1778476796,50105,13.9453,11.6289,NaN,NaN,NaN,NaN,df,df,1
1778476857,50166,13.9453,11.6289,NaN,NaN,NaN,NaN,df,df,1
1778476917,50226,13.9453,11.6289,NaN,NaN,NaN,NaN,df,df,1
1778476977,50286,13.9453,11.6289,NaN,NaN,NaN,NaN,df,df,1
1778477038,50347,13.9453,11.6289,NaN,NaN,NaN,NaN,df,df,1
1778477098,50407,13.9453,11.6289,NaN,NaN,NaN,NaN,df,df,1
1778477164,50473,13.9453,NaN,NaN,NaN,NaN,NaN,df,mixed,0
1778477224,50533,13.9453,NaN,NaN,NaN,NaN,NaN,df,mixed,0
1778477285,50594,13.9453,NaN,NaN,NaN,NaN,NaN,df,mixed,0
1778477345,50654,13.9453,NaN,NaN,NaN,NaN,NaN,df,mixed,0
1778477405,50714,13.9453,NaN,NaN,NaN,NaN,NaN,df,mixed,0
1778477466,50775,13.9453,NaN,NaN,NaN,NaN,NaN,df,mixed,0
1778477526,50835,13.9453,NaN,NaN,NaN,NaN,NaN,df,mixed,0
1778477587,50896,13.9453,NaN,NaN,NaN,NaN,NaN,df,mixed,0
1778477647,50956,13.9453,NaN,NaN,NaN,NaN,NaN,df,mixed,0
1778477707,51016,13.9453,NaN,NaN,NaN,NaN,NaN,df,mixed,0
1778477769,51078,13.9453,12.6719,NaN,NaN,NaN,NaN,df,df,1
1778477829,51138,13.9453,12.6719,NaN,NaN,NaN,NaN,df,df,1
1778477890,51199,13.9453,12.6719,NaN,NaN,NaN,NaN,df,df,1
1778477950,51259,13.9453,12.6719,NaN,NaN,NaN,NaN,df,df,1
1778478011,51320,13.9453,12.6719,NaN,NaN,NaN,NaN,df,df,1
1778478071,51380,13.9453,12.6719,NaN,NaN,NaN,NaN,df,df,1
1778478132,51441,13.9453,12.6719,NaN,NaN,NaN,NaN,df,df,1
1778478192,51501,13.9453,12.6719,NaN,NaN,NaN,NaN,df,df,1
1778478253,51562,13.9453,12.6719,NaN,NaN,NaN,NaN,df,df,1
1778478313,51622,13.9453,12.6719,NaN,NaN,NaN,NaN,df,df,1
1778478379,51688,13.9453,NaN,NaN,NaN,NaN,NaN,df,mixed,0
1778478440,51749,13.9453,NaN,NaN,NaN,NaN,NaN,df,mixed,0
1778478500,51809,13.9453,NaN,NaN,NaN,NaN,NaN,df,mixed,0
1778478560,51869,13.9453,NaN,NaN,NaN,NaN,NaN,df,mixed,0
1778478621,51930,13.9453,NaN,NaN,NaN,NaN,NaN,df,mixed,0
1778478681,51990,13.9453,NaN,NaN,NaN,NaN,NaN,df,mixed,0
1778478741,52050,13.9453,NaN,NaN,NaN,NaN,NaN,df,mixed,0
1778478802,52111,13.9453,NaN,NaN,NaN,NaN,NaN,df,mixed,0
1778478862,52171,13.9453,NaN,NaN,NaN,NaN,NaN,df,mixed,0
1778478922,52231,13.9453,NaN,NaN,NaN,NaN,NaN,df,mixed,0
1778478984,52293,13.9453,11.6836,NaN,NaN,NaN,NaN,df,df,1
1778479045,52354,13.9453,11.6836,NaN,NaN,NaN,NaN,df,df,1
1778479105,52414,13.9453,11.6836,NaN,NaN,NaN,NaN,df,df,1
1778479165,52474,13.9453,11.6836,NaN,NaN,NaN,NaN,df,df,1
1778479226,52535,13.9453,11.6836,NaN,NaN,NaN,NaN,df,df,1
1778479286,52595,13.9453,11.6836,NaN,NaN,NaN,NaN,df,df,1
1778479347,52656,13.9453,11.6836,NaN,NaN,NaN,NaN,df,df,1
1778479407,52716,13.9453,11.6836,NaN,NaN,NaN,NaN,df,df,1
1778479468,52777,13.9453,11.6836,NaN,NaN,NaN,NaN,df,df,1
1778479528,52837,13.9453,11.6836,NaN,NaN,NaN,NaN,df,df,1
1778479594,52903,13.9453,NaN,NaN,NaN,NaN,NaN,df,mixed,0
1778479654,52963,13.9453,NaN,NaN,NaN,NaN,NaN,df,mixed,0
1778479715,53024,13.9453,NaN,NaN,NaN,NaN,NaN,df,mixed,0
1778479775,53084,13.9453,NaN,NaN,NaN,NaN,NaN,df,mixed,0
1778479835,53144,13.9453,NaN,NaN,NaN,NaN,NaN,df,mixed,0
1778479896,53205,13.9453,NaN,NaN,NaN,NaN,NaN,df,mixed,0
1778479956,53265,13.9453,NaN,NaN,NaN,NaN,NaN,df,mixed,0
1778480017,53326,13.9453,NaN,NaN,NaN,NaN,NaN,df,mixed,0
1778480077,53386,13.9453,NaN,NaN,NaN,NaN,NaN,df,mixed,0
1778480137,53446,13.9453,NaN,NaN,NaN,NaN,NaN,df,mixed,0
1778480199,53508,13.9453,11.6523,NaN,NaN,NaN,NaN,df,df,1
1778480259,53568,13.9453,11.6523,NaN,NaN,NaN,NaN,df,df,1
1778480320,53629,13.9453,11.6523,NaN,NaN,NaN,NaN,df,df,1
1778480380,53689,13.9453,11.6523,NaN,NaN,NaN,NaN,df,df,1
1778480441,53750,13.9453,11.6523,NaN,NaN,NaN,NaN,df,df,1
1778480501,53810,13.9453,11.6523,NaN,NaN,NaN,NaN,df,df,1
1778480562,53871,13.9453,11.6523,NaN,NaN,NaN,NaN,df,df,1
1778480622,53931,13.9453,12.1406,NaN,NaN,NaN,NaN,df,df,1
1778480683,53992,13.9453,12.1406,NaN,NaN,NaN,NaN,df,df,1
1778480743,54052,13.9453,12.1406,NaN,NaN,NaN,NaN,df,df,1
1778480809,54118,13.9453,NaN,NaN,NaN,NaN,NaN,df,mixed,0
1778480869,54178,13.9453,NaN,NaN,NaN,NaN,NaN,df,mixed,0
1778480930,54239,13.9453,NaN,NaN,NaN,NaN,NaN,df,mixed,0
1778480990,54299,13.9453,NaN,NaN,NaN,NaN,NaN,df,mixed,0
1778481050,54359,13.9453,NaN,NaN,NaN,NaN,NaN,df,mixed,0
1778481111,54420,13.9453,NaN,NaN,NaN,NaN,NaN,df,mixed,0
1778481171,54480,13.9453,NaN,NaN,NaN,NaN,NaN,df,mixed,0
1778481232,54541,13.9453,NaN,NaN,NaN,NaN,NaN,df,mixed,0
1778481292,54601,13.9453,NaN,NaN,NaN,NaN,NaN,df,mixed,0
1778481352,54661,13.9453,NaN,NaN,NaN,NaN,NaN,df,mixed,0
1778481414,54723,13.9453,10.082,NaN,NaN,NaN,NaN,df,df,1
1778481474,54783,13.9453,10.082,NaN,NaN,NaN,NaN,df,df,1
1778481535,54844,13.9453,10.6289,NaN,NaN,NaN,NaN,df,df,1
1778481595,54904,13.9453,10.6289,NaN,NaN,NaN,NaN,df,df,1
1778481656,54965,13.9453,10.6289,NaN,NaN,NaN,NaN,df,df,1
1778481716,55025,13.9453,10.6289,NaN,NaN,NaN,NaN,df,df,1
1778481777,55086,13.9453,10.6289,NaN,NaN,NaN,NaN,df,df,1
1778481837,55146,13.9453,11.9961,NaN,NaN,NaN,NaN,df,df,1
1778481898,55207,13.9453,11.9961,NaN,NaN,NaN,NaN,df,df,1
1778481958,55267,13.9453,11.9961,NaN,NaN,NaN,NaN,df,df,1
1778482024,55333,13.9453,NaN,NaN,NaN,NaN,NaN,df,mixed,0
1778482084,55393,13.9453,NaN,NaN,NaN,NaN,NaN,df,mixed,0
1778482145,55454,13.9453,NaN,NaN,NaN,NaN,NaN,df,mixed,0
1778482205,55514,13.9453,NaN,NaN,NaN,NaN,NaN,df,mixed,0
1778482265,55574,13.9453,NaN,NaN,NaN,NaN,NaN,df,mixed,0
1778482326,55635,13.9453,NaN,NaN,NaN,NaN,NaN,df,mixed,0
1778482386,55695,13.9453,NaN,NaN,NaN,NaN,NaN,df,mixed,0
1778482446,55755,13.9453,NaN,NaN,NaN,NaN,NaN,df,mixed,0
1778482507,55816,13.9453,NaN,NaN,NaN,NaN,NaN,df,mixed,0
1778482567,55876,13.9453,NaN,NaN,NaN,NaN,NaN,df,mixed,0
1778482629,55938,13.9453,10.1289,NaN,NaN,NaN,NaN,df,df,1
1778482689,55998,13.9453,10.1289,NaN,NaN,NaN,NaN,df,df,1
1778482750,56059,13.9453,11.4375,NaN,NaN,NaN,NaN,df,df,1
1778482810,56119,13.9453,11.4375,NaN,NaN,NaN,NaN,df,df,1
1778482871,56180,13.9453,11.4375,NaN,NaN,NaN,NaN,df,df,1
1778482931,56240,13.9453,11.4375,NaN,NaN,NaN,NaN,df,df,1
1778482992,56301,13.9453,11.4375,NaN,NaN,NaN,NaN,df,df,1
1778483052,56361,13.9453,11.8672,NaN,NaN,NaN,NaN,df,df,1
1778483113,56422,13.9453,11.8672,NaN,NaN,NaN,NaN,df,df,1
1778483173,56482,13.9453,11.8672,NaN,NaN,NaN,NaN,df,df,1
1778483239,56548,13.9453,NaN,NaN,NaN,NaN,NaN,df,mixed,0
1778483299,56608,13.9453,NaN,NaN,NaN,NaN,NaN,df,mixed,0
1778483360,56669,13.9453,NaN,NaN,NaN,NaN,NaN,df,mixed,0
1778483420,56729,13.9453,NaN,NaN,NaN,NaN,NaN,df,mixed,0
1778483480,56789,13.9453,NaN,NaN,NaN,NaN,NaN,df,mixed,0
1778483541,56850,13.9453,NaN,NaN,NaN,NaN,NaN,df,mixed,0
1778483601,56910,13.9453,NaN,NaN,NaN,NaN,NaN,df,mixed,0
1778483661,56970,13.9453,NaN,NaN,NaN,NaN,NaN,df,mixed,0
1778483722,57031,13.9453,NaN,NaN,NaN,NaN,NaN,df,mixed,0
1778483782,57091,13.9453,NaN,NaN,NaN,NaN,NaN,df,mixed,0
1778483844,57153,13.9453,11.4219,NaN,NaN,NaN,NaN,df,df,1
1778483904,57213,13.9453,11.4219,NaN,NaN,NaN,NaN,df,df,1
1778483965,57274,13.9453,11.4219,NaN,NaN,NaN,NaN,df,df,1
1778484025,57334,13.9453,11.4219,NaN,NaN,NaN,NaN,df,df,1
1778484086,57395,13.9453,11.4219,NaN,NaN,NaN,NaN,df,df,1
1778484146,57455,13.9453,11.4219,NaN,NaN,NaN,NaN,df,df,1
1778484207,57516,13.9453,11.4219,NaN,NaN,NaN,NaN,df,df,1
1778484267,57576,13.9453,11.4219,NaN,NaN,NaN,NaN,df,df,1
1778484328,57637,13.9453,11.4219,NaN,NaN,NaN,NaN,df,df,1
1778484388,57697,13.9453,11.4219,NaN,NaN,NaN,NaN,df,df,1
1778484454,57763,13.9453,NaN,NaN,NaN,NaN,NaN,df,mixed,0
1778484514,57823,13.9453,NaN,NaN,NaN,NaN,NaN,df,mixed,0
1778484574,57883,13.9453,NaN,NaN,NaN,NaN,NaN,df,mixed,0
1778484635,57944,13.9453,NaN,NaN,NaN,NaN,NaN,df,mixed,0
1778484695,58004,13.9453,NaN,NaN,NaN,NaN,NaN,df,mixed,0
1778484755,58064,13.9453,NaN,NaN,NaN,NaN,NaN,df,mixed,0
1778484816,58125,13.9453,NaN,NaN,NaN,NaN,NaN,df,mixed,0
1778484876,58185,13.9453,NaN,NaN,NaN,NaN,NaN,df,mixed,0
1778484937,58246,13.9453,NaN,NaN,NaN,NaN,NaN,df,mixed,0
1778484997,58306,13.9453,NaN,NaN,NaN,NaN,NaN,df,mixed,0
1778485059,58368,13.9453,10.2031,NaN,NaN,NaN,NaN,df,df,1
1778485119,58428,13.9453,10.2031,NaN,NaN,NaN,NaN,df,df,1
1778485179,58488,13.9453,10.2031,NaN,NaN,NaN,NaN,df,df,1
1778485240,58549,13.9453,10.2031,NaN,NaN,NaN,NaN,df,df,1
1778485300,58609,13.9453,10.2031,NaN,NaN,NaN,NaN,df,df,1
1778485361,58670,13.9453,10.2031,NaN,NaN,NaN,NaN,df,df,1
1778485421,58730,13.9453,10.2031,NaN,NaN,NaN,NaN,df,df,1
1778485482,58791,13.9453,11.3945,NaN,NaN,NaN,NaN,df,df,1
1778485542,58851,13.9453,11.3945,NaN,NaN,NaN,NaN,df,df,1
1778485603,58912,13.9453,11.3945,NaN,NaN,NaN,NaN,df,df,1
1778485669,58978,13.9453,NaN,NaN,NaN,NaN,NaN,df,mixed,0
1778485729,59038,13.9453,NaN,NaN,NaN,NaN,NaN,df,mixed,0
1778485789,59098,13.9453,NaN,NaN,NaN,NaN,NaN,df,mixed,0
1778485850,59159,13.9453,NaN,NaN,NaN,NaN,NaN,df,mixed,0
1778485910,59219,13.9453,NaN,NaN,NaN,NaN,NaN,df,mixed,0
1778485970,59279,13.9453,NaN,NaN,NaN,NaN,NaN,df,mixed,0
1778486031,59340,13.9453,NaN,NaN,NaN,NaN,NaN,df,mixed,0
1778486091,59400,13.9453,NaN,NaN,NaN,NaN,NaN,df,mixed,0
1778486151,59460,13.9453,NaN,NaN,NaN,NaN,NaN,df,mixed,0
1778486212,59521,13.9453,NaN,NaN,NaN,NaN,NaN,df,mixed,0
1778486273,59582,13.9453,10.1992,NaN,NaN,NaN,NaN,df,df,1
1778486334,59643,13.9453,11.3594,NaN,NaN,NaN,NaN,df,df,1
1778486394,59703,13.9453,11.3594,NaN,NaN,NaN,NaN,df,df,1
1778486455,59764,13.9453,11.3594,NaN,NaN,NaN,NaN,df,df,1
1778486515,59824,13.9453,11.3594,NaN,NaN,NaN,NaN,df,df,1
1778486576,59885,13.9453,11.3594,NaN,NaN,NaN,NaN,df,df,1
1778486636,59945,13.9453,12.7852,NaN,NaN,NaN,NaN,df,df,1
1778486697,60006,13.9453,12.7852,NaN,NaN,NaN,NaN,df,df,1
1778486757,60066,13.9453,12.7852,NaN,NaN,NaN,NaN,df,df,1
1778486818,60127,13.9453,12.7852,NaN,NaN,NaN,NaN,df,df,1
1778486883,60192,13.9453,NaN,NaN,NaN,NaN,NaN,df,mixed,0
1778486944,60253,13.9453,NaN,NaN,NaN,NaN,NaN,df,mixed,0
1778487004,60313,13.9453,NaN,NaN,NaN,NaN,NaN,df,mixed,0
1778487064,60373,13.9453,NaN,NaN,NaN,NaN,NaN,df,mixed,0
1778487125,60434,13.9453,NaN,NaN,NaN,NaN,NaN,df,mixed,0
1778487185,60494,13.9453,NaN,NaN,NaN,NaN,NaN,df,mixed,0
1778487245,60554,13.9453,NaN,NaN,NaN,NaN,NaN,df,mixed,0
1778487306,60615,13.9453,NaN,NaN,NaN,NaN,NaN,df,mixed,0
1778487366,60675,13.9453,NaN,NaN,NaN,NaN,NaN,df,mixed,0
1778487427,60736,13.9453,NaN,NaN,NaN,NaN,NaN,df,mixed,0
1778487488,60797,13.9453,10.0742,NaN,NaN,NaN,NaN,df,df,1
1778487549,60858,13.9453,10.0742,NaN,NaN,NaN,NaN,df,df,1
1778487609,60918,13.9453,10.0742,NaN,NaN,NaN,NaN,df,df,1
1778487670,60979,13.9453,10.4453,NaN,NaN,NaN,NaN,df,df,1
1778487730,61039,13.9453,10.4453,NaN,NaN,NaN,NaN,df,df,1
1778487791,61100,13.9453,10.4453,NaN,NaN,NaN,NaN,df,df,1
1778487851,61160,13.9453,10.4453,NaN,NaN,NaN,NaN,df,df,1
1778487911,61220,13.9453,10.4453,NaN,NaN,NaN,NaN,df,df,1
1778487972,61281,13.9453,10.4453,NaN,NaN,NaN,NaN,df,df,1
1778488032,61341,13.9453,10.4453,NaN,NaN,NaN,NaN,df,df,1
1778488098,61407,13.9453,NaN,NaN,NaN,NaN,NaN,df,mixed,0
1778488158,61467,13.9453,NaN,NaN,NaN,NaN,NaN,df,mixed,0
1778488219,61528,13.9453,NaN,NaN,NaN,NaN,NaN,df,mixed,0
1778488279,61588,13.9453,NaN,NaN,NaN,NaN,NaN,df,mixed,0
1778488340,61649,13.9453,NaN,NaN,NaN,NaN,NaN,df,mixed,0
1778488400,61709,13.9453,NaN,NaN,NaN,NaN,NaN,df,mixed,0
1778488460,61769,13.9453,NaN,NaN,NaN,NaN,NaN,df,mixed,0
1778488521,61830,13.9453,NaN,NaN,NaN,NaN,NaN,df,mixed,0
1778488581,61890,13.9453,NaN,NaN,NaN,NaN,NaN,df,mixed,0
1778488641,61950,13.9453,NaN,NaN,NaN,NaN,NaN,df,mixed,0
1778488703,62012,13.9453,12.3008,NaN,NaN,NaN,NaN,df,df,1
1778488764,62073,13.9453,12.3008,NaN,NaN,NaN,NaN,df,df,1
1778488824,62133,13.9453,12.3008,NaN,NaN,NaN,NaN,df,df,1
1778488885,62194,13.9453,12.3008,NaN,NaN,NaN,NaN,df,df,1
1778488945,62254,13.9453,12.3008,NaN,NaN,NaN,NaN,df,df,1
1778489005,62314,13.9453,12.3008,NaN,NaN,NaN,NaN,df,df,1
1778489066,62375,13.9453,12.3008,NaN,NaN,NaN,NaN,df,df,1
1778489126,62435,13.9453,12.3008,NaN,NaN,NaN,NaN,df,df,1
1778489187,62496,13.9453,12.3008,NaN,NaN,NaN,NaN,df,df,1
1778489247,62556,13.9453,12.3008,NaN,NaN,NaN,NaN,df,df,1
1778489313,62622,13.9453,NaN,NaN,NaN,NaN,NaN,df,mixed,0
1778489373,62682,13.9453,NaN,NaN,NaN,NaN,NaN,df,mixed,0
1778489434,62743,13.9453,NaN,NaN,NaN,NaN,NaN,df,mixed,0
1778489494,62803,13.9453,NaN,NaN,NaN,NaN,NaN,df,mixed,0
1778489555,62864,13.9453,NaN,NaN,NaN,NaN,NaN,df,mixed,0
1778489615,62924,13.9453,NaN,NaN,NaN,NaN,NaN,df,mixed,0
1778489675,62984,13.9453,NaN,NaN,NaN,NaN,NaN,df,mixed,0
1778489736,63045,13.9453,NaN,NaN,NaN,NaN,NaN,df,mixed,0
1778489796,63105,13.9453,NaN,NaN,NaN,NaN,NaN,df,mixed,0
1778489856,63165,13.9453,NaN,NaN,NaN,NaN,NaN,df,mixed,0
1778489918,63227,13.9453,11.6758,NaN,NaN,NaN,NaN,df,df,1
1778489978,63287,13.9453,12.2812,NaN,NaN,NaN,NaN,df,df,1
1778490039,63348,13.9453,12.2812,NaN,NaN,NaN,NaN,df,df,1
1778490099,63408,13.9453,12.2812,NaN,NaN,NaN,NaN,df,df,1
1778490160,63469,13.9453,12.2812,NaN,NaN,NaN,NaN,df,df,1
1778490220,63529,13.9453,12.8242,NaN,NaN,NaN,NaN,df,df,1
1778490281,63590,13.9453,12.8242,NaN,NaN,NaN,NaN,df,df,1
1778490341,63650,13.9453,12.8242,NaN,NaN,NaN,NaN,df,df,1
1778490402,63711,13.9453,12.8242,NaN,NaN,NaN,NaN,df,df,1
1778490462,63771,13.9453,12.8242,NaN,NaN,NaN,NaN,df,df,1
1778490528,63837,13.9453,NaN,NaN,NaN,NaN,NaN,df,mixed,0
1778490588,63897,13.9453,NaN,NaN,NaN,NaN,NaN,df,mixed,0
1778490649,63958,13.9453,NaN,NaN,NaN,NaN,NaN,df,mixed,0
1778490709,64018,13.9453,NaN,NaN,NaN,NaN,NaN,df,mixed,0
1778490769,64078,13.9453,NaN,NaN,NaN,NaN,NaN,df,mixed,0
1778490830,64139,13.9453,NaN,NaN,NaN,NaN,NaN,df,mixed,0
1778490890,64199,13.9453,NaN,NaN,NaN,NaN,NaN,df,mixed,0
1778490950,64259,13.9453,NaN,NaN,NaN,NaN,NaN,df,mixed,0
1778491011,64320,13.9453,NaN,NaN,NaN,NaN,NaN,df,mixed,0
1778491071,64380,13.9453,NaN,NaN,NaN,NaN,NaN,df,mixed,0
1778491133,64442,13.9453,10.25,NaN,NaN,NaN,NaN,df,df,1
1778491193,64502,13.9453,11.793,NaN,NaN,NaN,NaN,df,df,1
1778491254,64563,13.9453,11.793,NaN,NaN,NaN,NaN,df,df,1
1778491314,64623,13.9453,11.793,NaN,NaN,NaN,NaN,df,df,1
1778491375,64684,13.9453,11.793,NaN,NaN,NaN,NaN,df,df,1
1778491435,64744,13.9453,11.793,NaN,NaN,NaN,NaN,df,df,1
1778491496,64805,13.9453,11.793,NaN,NaN,NaN,NaN,df,df,1
1778491556,64865,13.9453,11.793,NaN,NaN,NaN,NaN,df,df,1
1778491617,64926,13.9453,11.793,NaN,NaN,NaN,NaN,df,df,1
1778491677,64986,13.9453,11.793,NaN,NaN,NaN,NaN,df,df,1
1778491743,65052,13.9453,NaN,NaN,NaN,NaN,NaN,df,mixed,0
1778491803,65112,13.9453,NaN,NaN,NaN,NaN,NaN,df,mixed,0
1778491864,65173,13.9453,NaN,NaN,NaN,NaN,NaN,df,mixed,0
1778491924,65233,13.9453,NaN,NaN,NaN,NaN,NaN,df,mixed,0
1778491984,65293,13.9453,NaN,NaN,NaN,NaN,NaN,df,mixed,0
1778492045,65354,13.9453,NaN,NaN,NaN,NaN,NaN,df,mixed,0
1778492105,65414,13.9453,NaN,NaN,NaN,NaN,NaN,df,mixed,0
1778492165,65474,13.9453,NaN,NaN,NaN,NaN,NaN,df,mixed,0
1778492226,65535,13.9453,NaN,NaN,NaN,NaN,NaN,df,mixed,0
1778492286,65595,13.9453,NaN,NaN,NaN,NaN,NaN,df,mixed,0
1778492348,65657,13.9453,11.875,NaN,NaN,NaN,NaN,df,df,1
1778492408,65717,13.9453,11.875,NaN,NaN,NaN,NaN,df,df,1
1778492469,65778,13.9453,11.875,NaN,NaN,NaN,NaN,df,df,1
1778492529,65838,13.9453,12.6562,NaN,NaN,NaN,NaN,df,df,1
1778492590,65899,13.9453,12.6562,NaN,NaN,NaN,NaN,df,df,1
1778492650,65959,13.9453,12.6562,NaN,NaN,NaN,NaN,df,df,1
1778492711,66020,13.9453,12.6562,NaN,NaN,NaN,NaN,df,df,1
1778492771,66080,13.9453,12.6562,NaN,NaN,NaN,NaN,df,df,1
1778492832,66141,13.9453,12.6562,NaN,NaN,NaN,NaN,df,df,1
1778492892,66201,13.9453,12.6562,NaN,NaN,NaN,NaN,df,df,1
1778492958,66267,13.9453,NaN,NaN,NaN,NaN,NaN,df,mixed,0
1778493019,66328,13.9453,NaN,NaN,NaN,NaN,NaN,df,mixed,0
1778493079,66388,13.9453,NaN,NaN,NaN,NaN,NaN,df,mixed,0
1778493139,66448,13.9453,NaN,NaN,NaN,NaN,NaN,df,mixed,0
1778493200,66509,13.9453,NaN,NaN,NaN,NaN,NaN,df,mixed,0
1778493260,66569,13.9453,NaN,NaN,NaN,NaN,NaN,df,mixed,0
1778493320,66629,13.9453,NaN,NaN,NaN,NaN,NaN,df,mixed,0
1778493381,66690,13.9453,NaN,NaN,NaN,NaN,NaN,df,mixed,0
1778493441,66750,13.9453,NaN,NaN,NaN,NaN,NaN,df,mixed,0
1778493502,66811,13.9453,NaN,NaN,NaN,NaN,NaN,df,mixed,0
1778493563,66872,13.9453,11.4844,NaN,NaN,NaN,NaN,df,df,1
1778493624,66933,13.9453,11.4844,NaN,NaN,NaN,NaN,df,df,1
1778493684,66993,13.9453,11.4844,NaN,NaN,NaN,NaN,df,df,1
1778493745,67054,13.9453,11.4844,NaN,NaN,NaN,NaN,df,df,1
1778493805,67114,13.9453,11.4844,NaN,NaN,NaN,NaN,df,df,1
1778493866,67175,13.9453,11.4844,NaN,NaN,NaN,NaN,df,df,1
1778493926,67235,13.9453,11.4844,NaN,NaN,NaN,NaN,df,df,1
1778493987,67296,13.9453,11.4844,NaN,NaN,NaN,NaN,df,df,1
1778494047,67356,13.9453,11.4844,NaN,NaN,NaN,NaN,df,df,1
1778494107,67416,13.9453,11.4844,NaN,NaN,NaN,NaN,df,df,1
1778494173,67482,13.9453,NaN,NaN,NaN,NaN,NaN,df,mixed,0
1778494234,67543,13.9453,NaN,NaN,NaN,NaN,NaN,df,mixed,0
1778494294,67603,13.9453,NaN,NaN,NaN,NaN,NaN,df,mixed,0
1778494354,67663,13.9453,NaN,NaN,NaN,NaN,NaN,df,mixed,0
1778494415,67724,13.9453,NaN,NaN,NaN,NaN,NaN,df,mixed,0
1778494475,67784,13.9453,NaN,NaN,NaN,NaN,NaN,df,mixed,0
1778494535,67844,13.9453,NaN,NaN,NaN,NaN,NaN,df,mixed,0
1778494596,67905,13.9453,NaN,NaN,NaN,NaN,NaN,df,mixed,0
1778494656,67965,13.9453,NaN,NaN,NaN,NaN,NaN,df,mixed,0
1778494716,68025,13.9453,NaN,NaN,NaN,NaN,NaN,df,mixed,0
1778494778,68087,13.9453,9.94922,NaN,NaN,NaN,NaN,df,df,1
1778494839,68148,13.9453,9.94922,NaN,NaN,NaN,NaN,df,df,1
1778494899,68208,13.9453,9.94922,NaN,NaN,NaN,NaN,df,df,1
1778494960,68269,13.9453,9.94922,NaN,NaN,NaN,NaN,df,df,1
1778495020,68329,13.9453,9.94922,NaN,NaN,NaN,NaN,df,df,1
1778495081,68390,13.9453,9.94922,NaN,NaN,NaN,NaN,df,df,1
1778495141,68450,13.9453,9.94922,NaN,NaN,NaN,NaN,df,df,1
1778495202,68511,13.9453,9.94922,NaN,NaN,NaN,NaN,df,df,1
1778495262,68571,13.9453,10.4375,NaN,NaN,NaN,NaN,df,df,1
1778495322,68631,13.9453,10.4375,NaN,NaN,NaN,NaN,df,df,1
1778495388,68697,13.9453,NaN,NaN,NaN,NaN,NaN,df,mixed,0
1778495449,68758,13.9453,NaN,NaN,NaN,NaN,NaN,df,mixed,0
1778495509,68818,13.9453,NaN,NaN,NaN,NaN,NaN,df,mixed,0
1778495569,68878,13.9453,NaN,NaN,NaN,NaN,NaN,df,mixed,0
1778495630,68939,13.9453,NaN,NaN,NaN,NaN,NaN,df,mixed,0
1778495690,68999,13.9453,NaN,NaN,NaN,NaN,NaN,df,mixed,0
1778495750,69059,13.9453,NaN,NaN,NaN,NaN,NaN,df,mixed,0
1778495811,69120,13.9453,NaN,NaN,NaN,NaN,NaN,df,mixed,0
1778495871,69180,13.9453,NaN,NaN,NaN,NaN,NaN,df,mixed,0
1778495931,69240,13.9453,NaN,NaN,NaN,NaN,NaN,df,mixed,0
1778495993,69302,13.9453,11.7031,NaN,NaN,NaN,NaN,df,df,1
1778496054,69363,13.9453,11.7031,NaN,NaN,NaN,NaN,df,df,1
1778496114,69423,13.9453,12.6016,NaN,NaN,NaN,NaN,df,df,1
1778496175,69484,13.9453,12.6016,NaN,NaN,NaN,NaN,df,df,1
1778496235,69544,13.9453,12.6016,NaN,NaN,NaN,NaN,df,df,1
1778496295,69604,13.9453,12.6016,NaN,NaN,NaN,NaN,df,df,1
1778496356,69665,13.9453,12.6016,NaN,NaN,NaN,NaN,df,df,1
1778496416,69725,13.9453,13.0898,NaN,NaN,NaN,NaN,df,df,1
1778496477,69786,13.9453,13.0898,NaN,NaN,NaN,NaN,df,df,1
1778496537,69846,13.9453,13.0898,NaN,NaN,NaN,NaN,df,df,1
1778496603,69912,13.9453,NaN,NaN,NaN,NaN,NaN,df,mixed,0
1778496664,69973,13.9453,NaN,NaN,NaN,NaN,NaN,df,mixed,0
1778496724,70033,13.9453,NaN,NaN,NaN,NaN,NaN,df,mixed,0
1778496784,70093,13.9453,NaN,NaN,NaN,NaN,NaN,df,mixed,0
1778496845,70154,13.9453,NaN,NaN,NaN,NaN,NaN,df,mixed,0
1778496905,70214,13.9453,NaN,NaN,NaN,NaN,NaN,df,mixed,0
1778496966,70275,13.9453,NaN,NaN,NaN,NaN,NaN,df,mixed,0
1778497026,70335,13.9453,NaN,NaN,NaN,NaN,NaN,df,mixed,0
1778497086,70395,13.9453,NaN,NaN,NaN,NaN,NaN,df,mixed,0
1778497147,70456,13.9453,NaN,NaN,NaN,NaN,NaN,df,mixed,0
1778497208,70517,13.9453,10.1992,NaN,NaN,NaN,NaN,df,df,1
1778497269,70578,13.9453,10.1992,NaN,NaN,NaN,NaN,df,df,1
1778497329,70638,13.9453,10.1992,NaN,NaN,NaN,NaN,df,df,1
1778497390,70699,13.9453,10.1992,NaN,NaN,NaN,NaN,df,df,1
1778497450,70759,13.9453,10.1992,NaN,NaN,NaN,NaN,df,df,1
1778497511,70820,13.9453,10.1992,NaN,NaN,NaN,NaN,df,df,1
1778497571,70880,13.9453,10.1992,NaN,NaN,NaN,NaN,df,df,1
1778497632,70941,13.9453,10.6289,NaN,NaN,NaN,NaN,df,df,1
1778497692,71001,13.9453,10.6289,NaN,NaN,NaN,NaN,df,df,1
1778497753,71062,13.9453,10.6289,NaN,NaN,NaN,NaN,df,df,1
1778497818,71127,13.9453,NaN,NaN,NaN,NaN,NaN,df,mixed,0
1778497879,71188,13.9453,NaN,NaN,NaN,NaN,NaN,df,mixed,0
1778497939,71248,13.9453,NaN,NaN,NaN,NaN,NaN,df,mixed,0
1778497999,71308,13.9453,NaN,NaN,NaN,NaN,NaN,df,mixed,0
1778498060,71369,13.9453,NaN,NaN,NaN,NaN,NaN,df,mixed,0
1778498120,71429,13.9453,NaN,NaN,NaN,NaN,NaN,df,mixed,0
1778498181,71490,13.9453,NaN,NaN,NaN,NaN,NaN,df,mixed,0
1778498241,71550,13.9453,NaN,NaN,NaN,NaN,NaN,df,mixed,0
1778498301,71610,13.9453,NaN,NaN,NaN,NaN,NaN,df,mixed,0
1778498362,71671,13.9453,NaN,NaN,NaN,NaN,NaN,df,mixed,0
1778498423,71732,13.9453,11.0781,NaN,NaN,NaN,NaN,df,df,1
1778498484,71793,13.9453,12.3867,NaN,NaN,NaN,NaN,df,df,1
1778498544,71853,13.9453,12.3867,NaN,NaN,NaN,NaN,df,df,1
1778498605,71914,13.9453,12.3867,NaN,NaN,NaN,NaN,df,df,1
1778498665,71974,13.9453,12.3867,NaN,NaN,NaN,NaN,df,df,1
1778498725,72034,13.9453,12.3867,NaN,NaN,NaN,NaN,df,df,1
1778498786,72095,13.9453,12.3867,NaN,NaN,NaN,NaN,df,df,1
1778498846,72155,13.9453,12.3867,NaN,NaN,NaN,NaN,df,df,1
1778498907,72216,13.9453,12.3867,NaN,NaN,NaN,NaN,df,df,1
1778498967,72276,13.9453,12.3867,NaN,NaN,NaN,NaN,df,df,1
1778499033,72342,13.9453,NaN,NaN,NaN,NaN,NaN,df,mixed,0
1778499093,72402,13.9453,NaN,NaN,NaN,NaN,NaN,df,mixed,0
1778499154,72463,13.9453,NaN,NaN,NaN,NaN,NaN,df,mixed,0
1778499214,72523,13.9453,NaN,NaN,NaN,NaN,NaN,df,mixed,0
1778499275,72584,13.9453,NaN,NaN,NaN,NaN,NaN,df,mixed,0
1778499335,72644,13.9453,NaN,NaN,NaN,NaN,NaN,df,mixed,0
1778499395,72704,13.9453,NaN,NaN,NaN,NaN,NaN,df,mixed,0
1778499456,72765,13.9453,NaN,NaN,NaN,NaN,NaN,df,mixed,0
1778499516,72825,13.9453,NaN,NaN,NaN,NaN,NaN,df,mixed,0
1778499576,72885,13.9453,NaN,NaN,NaN,NaN,NaN,df,mixed,0
1778499638,72947,13.9453,10.2266,NaN,NaN,NaN,NaN,df,df,1
1778499698,73007,13.9453,10.2266,NaN,NaN,NaN,NaN,df,df,1
1778499759,73068,13.9453,10.2266,NaN,NaN,NaN,NaN,df,df,1
1778499819,73128,13.9453,11.7695,NaN,NaN,NaN,NaN,df,df,1
1778499880,73189,13.9453,11.7695,NaN,NaN,NaN,NaN,df,df,1
1778499940,73249,13.9453,12.2578,NaN,NaN,NaN,NaN,df,df,1
1778500001,73310,13.9453,12.2578,NaN,NaN,NaN,NaN,df,df,1
1778500061,73370,13.9453,12.2578,NaN,NaN,NaN,NaN,df,df,1
1778500122,73431,13.9453,12.2578,NaN,NaN,NaN,NaN,df,df,1
1778500182,73491,13.9453,12.2578,NaN,NaN,NaN,NaN,df,df,1
1778500248,73557,13.9453,NaN,NaN,NaN,NaN,NaN,df,mixed,0
1778500308,73617,13.9453,NaN,NaN,NaN,NaN,NaN,df,mixed,0
1778500369,73678,13.9453,NaN,NaN,NaN,NaN,NaN,df,mixed,0
1778500429,73738,13.9453,NaN,NaN,NaN,NaN,NaN,df,mixed,0
1778500489,73798,13.9453,NaN,NaN,NaN,NaN,NaN,df,mixed,0
1778500550,73859,13.9453,NaN,NaN,NaN,NaN,NaN,df,mixed,0
1778500610,73919,13.9453,NaN,NaN,NaN,NaN,NaN,df,mixed,0
1778500670,73979,13.9453,NaN,NaN,NaN,NaN,NaN,df,mixed,0
1778500731,74040,13.9453,NaN,NaN,NaN,NaN,NaN,df,mixed,0
1778500791,74100,13.9453,NaN,NaN,NaN,NaN,NaN,df,mixed,0
1778500853,74162,13.9453,9.99219,NaN,NaN,NaN,NaN,df,df,1
1778500913,74222,13.9453,9.99219,NaN,NaN,NaN,NaN,df,df,1
1778500974,74283,13.9453,9.99219,NaN,NaN,NaN,NaN,df,df,1
1778501034,74343,13.9453,9.99219,NaN,NaN,NaN,NaN,df,df,1
1778501095,74404,13.9453,10.9648,NaN,NaN,NaN,NaN,df,df,1
1778501155,74464,13.9453,11.6875,NaN,NaN,NaN,NaN,df,df,1
1778501215,74524,13.9453,12.6445,NaN,NaN,NaN,NaN,df,df,1
1778501276,74585,13.9453,12.6445,NaN,NaN,NaN,NaN,df,df,1
1778501336,74645,13.9453,12.6445,NaN,NaN,NaN,NaN,df,df,1
1778501397,74706,13.9453,12.6445,NaN,NaN,NaN,NaN,df,df,1
1778501463,74772,13.9453,NaN,NaN,NaN,NaN,NaN,df,mixed,0
1778501524,74833,13.9453,NaN,NaN,NaN,NaN,NaN,df,mixed,0
1778501584,74893,13.9453,NaN,NaN,NaN,NaN,NaN,df,mixed,0
1778501644,74953,13.9453,NaN,NaN,NaN,NaN,NaN,df,mixed,0
1778501705,75014,13.9453,NaN,NaN,NaN,NaN,NaN,df,mixed,0
1778501765,75074,13.9453,NaN,NaN,NaN,NaN,NaN,df,mixed,0
1778501825,75134,13.9453,NaN,NaN,NaN,NaN,NaN,df,mixed,0
1778501886,75195,13.9453,NaN,NaN,NaN,NaN,NaN,df,mixed,0
1778501946,75255,13.9453,NaN,NaN,NaN,NaN,NaN,df,mixed,0
1778502006,75315,13.9453,NaN,NaN,NaN,NaN,NaN,df,mixed,0
1778502068,75377,13.9453,10.3828,NaN,NaN,NaN,NaN,df,df,1
1778502129,75438,13.9453,10.3828,NaN,NaN,NaN,NaN,df,df,1
1778502189,75498,13.9453,10.3828,NaN,NaN,NaN,NaN,df,df,1
1778502249,75558,13.9453,10.3828,NaN,NaN,NaN,NaN,df,df,1
1778502310,75619,13.9453,10.3828,NaN,NaN,NaN,NaN,df,df,1
1778502370,75679,13.9453,10.3828,NaN,NaN,NaN,NaN,df,df,1
1778502431,75740,13.9453,11.3477,NaN,NaN,NaN,NaN,df,df,1
1778502491,75800,13.9453,11.3477,NaN,NaN,NaN,NaN,df,df,1
1778502552,75861,13.9453,11.3477,NaN,NaN,NaN,NaN,df,df,1
1778502612,75921,13.9453,11.3477,NaN,NaN,NaN,NaN,df,df,1
1778502678,75987,13.9453,NaN,NaN,NaN,NaN,NaN,df,mixed,0
1778502738,76047,13.9453,NaN,NaN,NaN,NaN,NaN,df,mixed,0
1778502799,76108,13.9453,NaN,NaN,NaN,NaN,NaN,df,mixed,0
1778502859,76168,13.9453,NaN,NaN,NaN,NaN,NaN,df,mixed,0
1778502919,76228,13.9453,NaN,NaN,NaN,NaN,NaN,df,mixed,0
1778502980,76289,13.9453,NaN,NaN,NaN,NaN,NaN,df,mixed,0
1778503040,76349,13.9453,NaN,NaN,NaN,NaN,NaN,df,mixed,0
1778503101,76410,13.9453,NaN,NaN,NaN,NaN,NaN,df,mixed,0
1778503161,76470,13.9453,NaN,NaN,NaN,NaN,NaN,df,mixed,0
1778503221,76530,13.9453,NaN,NaN,NaN,NaN,NaN,df,mixed,0
1778503283,76592,13.9453,10.2617,NaN,NaN,NaN,NaN,df,df,1
1778503343,76652,13.9453,10.2617,NaN,NaN,NaN,NaN,df,df,1
1778503404,76713,13.9453,10.2617,NaN,NaN,NaN,NaN,df,df,1
1778503464,76773,13.9453,10.2617,NaN,NaN,NaN,NaN,df,df,1
1778503525,76834,13.9453,10.2617,NaN,NaN,NaN,NaN,df,df,1
1778503585,76894,13.9453,10.8086,NaN,NaN,NaN,NaN,df,df,1
1778503646,76955,13.9453,11.4727,NaN,NaN,NaN,NaN,df,df,1
1778503706,77015,13.9453,11.4727,NaN,NaN,NaN,NaN,df,df,1
1778503767,77076,13.9453,11.4727,NaN,NaN,NaN,NaN,df,df,1
1778503827,77136,13.9453,11.4727,NaN,NaN,NaN,NaN,df,df,1
1778503893,77202,13.9453,NaN,NaN,NaN,NaN,NaN,df,mixed,0
1778503953,77262,13.9453,NaN,NaN,NaN,NaN,NaN,df,mixed,0
1778504014,77323,13.9453,NaN,NaN,NaN,NaN,NaN,df,mixed,0
1778504074,77383,13.9453,NaN,NaN,NaN,NaN,NaN,df,mixed,0
1778504134,77443,13.9453,NaN,NaN,NaN,NaN,NaN,df,mixed,0
1778504195,77504,13.9453,NaN,NaN,NaN,NaN,NaN,df,mixed,0
1778504255,77564,13.9453,NaN,NaN,NaN,NaN,NaN,df,mixed,0
1778504315,77624,13.9453,NaN,NaN,NaN,NaN,NaN,df,mixed,0
1778504376,77685,13.9453,NaN,NaN,NaN,NaN,NaN,df,mixed,0
1778504436,77745,13.9453,NaN,NaN,NaN,NaN,NaN,df,mixed,0
1778504498,77807,13.9453,9.98047,NaN,NaN,NaN,NaN,df,df,1
1778504558,77867,13.9453,9.98047,NaN,NaN,NaN,NaN,df,df,1
1778504619,77928,13.9453,9.98047,NaN,NaN,NaN,NaN,df,df,1
1778504679,77988,13.9453,9.98047,NaN,NaN,NaN,NaN,df,df,1
1778504740,78049,13.9453,10.7617,NaN,NaN,NaN,NaN,df,df,1
1778504800,78109,13.9453,11.3086,NaN,NaN,NaN,NaN,df,df,1
1778504861,78170,13.9453,11.3086,NaN,NaN,NaN,NaN,df,df,1
1778504921,78230,13.9453,11.3086,NaN,NaN,NaN,NaN,df,df,1
1778504982,78291,13.9453,11.3086,NaN,NaN,NaN,NaN,df,df,1
1778505042,78351,13.9453,11.3086,NaN,NaN,NaN,NaN,df,df,1
1778505108,78417,13.9453,NaN,NaN,NaN,NaN,NaN,df,mixed,0
1778505168,78477,13.9453,NaN,NaN,NaN,NaN,NaN,df,mixed,0
1778505229,78538,13.9453,NaN,NaN,NaN,NaN,NaN,df,mixed,0
1778505289,78598,13.9453,NaN,NaN,NaN,NaN,NaN,df,mixed,0
1778505349,78658,13.9453,NaN,NaN,NaN,NaN,NaN,df,mixed,0
1778505410,78719,13.9453,NaN,NaN,NaN,NaN,NaN,df,mixed,0
1778505470,78779,13.9453,NaN,NaN,NaN,NaN,NaN,df,mixed,0
1778505530,78839,13.9453,NaN,NaN,NaN,NaN,NaN,df,mixed,0
1778505591,78900,13.9453,NaN,NaN,NaN,NaN,NaN,df,mixed,0
1778505651,78960,13.9453,NaN,NaN,NaN,NaN,NaN,df,mixed,0
1778505713,79022,13.9453,10.082,NaN,NaN,NaN,NaN,df,df,1
1778505773,79082,13.9453,10.082,NaN,NaN,NaN,NaN,df,df,1
1778505834,79143,13.9453,10.082,NaN,NaN,NaN,NaN,df,df,1
1778505894,79203,13.9453,10.957,NaN,NaN,NaN,NaN,df,df,1
1778505955,79264,13.9453,10.957,NaN,NaN,NaN,NaN,df,df,1
1778506015,79324,13.9453,11.5039,NaN,NaN,NaN,NaN,df,df,1
1778506076,79385,13.9453,11.5039,NaN,NaN,NaN,NaN,df,df,1
1778506136,79445,13.9453,11.5039,NaN,NaN,NaN,NaN,df,df,1
1778506197,79506,13.9453,11.5039,NaN,NaN,NaN,NaN,df,df,1
1778506257,79566,13.9453,11.5039,NaN,NaN,NaN,NaN,df,df,1
1778506323,79632,13.9453,NaN,NaN,NaN,NaN,NaN,df,mixed,0
1778506383,79692,13.9453,NaN,NaN,NaN,NaN,NaN,df,mixed,0
1778506444,79753,13.9453,NaN,NaN,NaN,NaN,NaN,df,mixed,0
1778506504,79813,13.9453,NaN,NaN,NaN,NaN,NaN,df,mixed,0
1778506564,79873,13.9453,NaN,NaN,NaN,NaN,NaN,df,mixed,0
1778506625,79934,13.9453,NaN,NaN,NaN,NaN,NaN,df,mixed,0
1778506685,79994,13.9453,NaN,NaN,NaN,NaN,NaN,df,mixed,0
1778506746,80055,13.9453,NaN,NaN,NaN,NaN,NaN,df,mixed,0
1778506806,80115,13.9453,NaN,NaN,NaN,NaN,NaN,df,mixed,0
1778506866,80175,13.9453,NaN,NaN,NaN,NaN,NaN,df,mixed,0
1778506928,80237,13.9453,9.87891,NaN,NaN,NaN,NaN,df,df,1
1778506988,80297,13.9453,10.9727,NaN,NaN,NaN,NaN,df,df,1
1778507049,80358,13.9453,10.9727,NaN,NaN,NaN,NaN,df,df,1
1778507109,80418,13.9453,10.9727,NaN,NaN,NaN,NaN,df,df,1
1778507170,80479,13.9453,10.9727,NaN,NaN,NaN,NaN,df,df,1
1778507230,80539,13.9453,10.9727,NaN,NaN,NaN,NaN,df,df,1
1778507291,80600,13.9453,10.9727,NaN,NaN,NaN,NaN,df,df,1
1778507351,80660,13.9453,10.9727,NaN,NaN,NaN,NaN,df,df,1
1778507412,80721,13.9453,10.9727,NaN,NaN,NaN,NaN,df,df,1
1778507472,80781,13.9453,10.9727,NaN,NaN,NaN,NaN,df,df,1
1778507538,80847,13.9453,NaN,NaN,NaN,NaN,NaN,df,mixed,0
1778507598,80907,13.9453,NaN,NaN,NaN,NaN,NaN,df,mixed,0
1778507659,80968,13.9453,NaN,NaN,NaN,NaN,NaN,df,mixed,0
1778507719,81028,13.9453,NaN,NaN,NaN,NaN,NaN,df,mixed,0
1778507779,81088,13.9453,NaN,NaN,NaN,NaN,NaN,df,mixed,0
1778507840,81149,13.9453,NaN,NaN,NaN,NaN,NaN,df,mixed,0
1778507900,81209,13.9453,NaN,NaN,NaN,NaN,NaN,df,mixed,0
1778507960,81269,13.9453,NaN,NaN,NaN,NaN,NaN,df,mixed,0
1778508021,81330,13.9453,NaN,NaN,NaN,NaN,NaN,df,mixed,0
1778508081,81390,13.9453,NaN,NaN,NaN,NaN,NaN,df,mixed,0
1778508143,81452,13.9453,10.2148,NaN,NaN,NaN,NaN,df,df,1
1778508203,81512,13.9453,11.4062,NaN,NaN,NaN,NaN,df,df,1
1778508264,81573,13.9453,11.4062,NaN,NaN,NaN,NaN,df,df,1
1778508324,81633,13.9453,11.4062,NaN,NaN,NaN,NaN,df,df,1
1778508385,81694,13.9453,11.9531,NaN,NaN,NaN,NaN,df,df,1
1778508445,81754,13.9453,11.9531,NaN,NaN,NaN,NaN,df,df,1
1778508505,81814,13.9453,11.9531,NaN,NaN,NaN,NaN,df,df,1
1778508566,81875,13.9453,11.9531,NaN,NaN,NaN,NaN,df,df,1
1778508626,81935,13.9453,11.9531,NaN,NaN,NaN,NaN,df,df,1
1778508687,81996,13.9453,11.9531,NaN,NaN,NaN,NaN,df,df,1
1778508753,82062,13.9453,NaN,NaN,NaN,NaN,NaN,df,mixed,0
1778508813,82122,13.9453,NaN,NaN,NaN,NaN,NaN,df,mixed,0
1778508873,82182,13.9453,NaN,NaN,NaN,NaN,NaN,df,mixed,0
1778508934,82243,13.9453,NaN,NaN,NaN,NaN,NaN,df,mixed,0
1778508994,82303,13.9453,NaN,NaN,NaN,NaN,NaN,df,mixed,0
1778509054,82363,13.9453,NaN,NaN,NaN,NaN,NaN,df,mixed,0
1778509115,82424,13.9453,NaN,NaN,NaN,NaN,NaN,df,mixed,0
1778509175,82484,13.9453,NaN,NaN,NaN,NaN,NaN,df,mixed,0
1778509236,82545,13.9453,NaN,NaN,NaN,NaN,NaN,df,mixed,0
1778509296,82605,13.9453,NaN,NaN,NaN,NaN,NaN,df,mixed,0
1778509358,82667,13.9453,9.86719,NaN,NaN,NaN,NaN,df,df,1
1778509418,82727,13.9453,9.86719,NaN,NaN,NaN,NaN,df,df,1
1778509478,82787,13.9453,9.86719,NaN,NaN,NaN,NaN,df,df,1
1778509539,82848,13.9453,9.86719,NaN,NaN,NaN,NaN,df,df,1
1778509599,82908,13.9453,9.86719,NaN,NaN,NaN,NaN,df,df,1
1778509660,82969,13.9453,9.86719,NaN,NaN,NaN,NaN,df,df,1
1778509720,83029,13.9453,9.86719,NaN,NaN,NaN,NaN,df,df,1
1778509781,83090,13.9453,10.7812,NaN,NaN,NaN,NaN,df,df,1
1778509841,83150,13.9453,10.7812,NaN,NaN,NaN,NaN,df,df,1
1778509902,83211,13.9453,10.7812,NaN,NaN,NaN,NaN,df,df,1
1778509968,83277,13.9453,NaN,NaN,NaN,NaN,NaN,df,mixed,0
1778510028,83337,13.9453,NaN,NaN,NaN,NaN,NaN,df,mixed,0
1778510088,83397,13.9453,NaN,NaN,NaN,NaN,NaN,df,mixed,0
1778510149,83458,13.9453,NaN,NaN,NaN,NaN,NaN,df,mixed,0
1778510209,83518,13.9453,NaN,NaN,NaN,NaN,NaN,df,mixed,0
1778510269,83578,13.9453,NaN,NaN,NaN,NaN,NaN,df,mixed,0
1778510330,83639,13.9453,NaN,NaN,NaN,NaN,NaN,df,mixed,0
1778510390,83699,13.9453,NaN,NaN,NaN,NaN,NaN,df,mixed,0
1778510450,83759,13.9453,NaN,NaN,NaN,NaN,NaN,df,mixed,0
1778510511,83820,13.9453,NaN,NaN,NaN,NaN,NaN,df,mixed,0
1778510572,83881,13.9453,9.99219,NaN,NaN,NaN,NaN,df,df,1
1778510633,83942,13.9453,9.99219,NaN,NaN,NaN,NaN,df,df,1
1778510693,84002,13.9453,10.4219,NaN,NaN,NaN,NaN,df,df,1
1778510754,84063,13.9453,10.4219,NaN,NaN,NaN,NaN,df,df,1
1778510814,84123,13.9453,10.4219,NaN,NaN,NaN,NaN,df,df,1
1778510875,84184,13.9453,10.4219,NaN,NaN,NaN,NaN,df,df,1
1778510935,84244,13.9453,10.4219,NaN,NaN,NaN,NaN,df,df,1
1778510996,84305,13.9453,10.4219,NaN,NaN,NaN,NaN,df,df,1
1778511056,84365,13.9453,10.4219,NaN,NaN,NaN,NaN,df,df,1
1778511117,84426,13.9453,10.4219,NaN,NaN,NaN,NaN,df,df,1
1778511182,84491,13.9453,NaN,NaN,NaN,NaN,NaN,df,mixed,0
1778511243,84552,13.9453,NaN,NaN,NaN,NaN,NaN,df,mixed,0
1778511303,84612,13.9453,NaN,NaN,NaN,NaN,NaN,df,mixed,0
1778511364,84673,13.9453,NaN,NaN,NaN,NaN,NaN,df,mixed,0
1778511424,84733,13.9453,NaN,NaN,NaN,NaN,NaN,df,mixed,0
1778511484,84793,13.9453,NaN,NaN,NaN,NaN,NaN,df,mixed,0
1778511545,84854,13.9453,NaN,NaN,NaN,NaN,NaN,df,mixed,0
1778511605,84914,13.9453,NaN,NaN,NaN,NaN,NaN,df,mixed,0
1778511665,84974,13.9453,NaN,NaN,NaN,NaN,NaN,df,mixed,0
1778511726,85035,13.9453,NaN,NaN,NaN,NaN,NaN,df,mixed,0
1778511787,85096,13.9453,10.1719,NaN,NaN,NaN,NaN,df,df,1
1778511848,85157,13.9453,10.1719,NaN,NaN,NaN,NaN,df,df,1
1778511908,85217,13.9453,10.1719,NaN,NaN,NaN,NaN,df,df,1
1778511969,85278,13.9453,10.1719,NaN,NaN,NaN,NaN,df,df,1
1778512029,85338,13.9453,10.1719,NaN,NaN,NaN,NaN,df,df,1
1778512090,85399,13.9453,10.1719,NaN,NaN,NaN,NaN,df,df,1
1778512150,85459,13.9453,10.6602,NaN,NaN,NaN,NaN,df,df,1
1778512211,85520,13.9453,10.6602,NaN,NaN,NaN,NaN,df,df,1
1778512271,85580,13.9453,10.6602,NaN,NaN,NaN,NaN,df,df,1
1778512331,85640,13.9453,10.6602,NaN,NaN,NaN,NaN,df,df,1
1778512397,85706,13.9453,NaN,NaN,NaN,NaN,NaN,df,mixed,0
1778512458,85767,13.9453,NaN,NaN,NaN,NaN,NaN,df,mixed,0
1778512518,85827,13.9453,NaN,NaN,NaN,NaN,NaN,df,mixed,0
1778512578,85887,13.9453,NaN,NaN,NaN,NaN,NaN,df,mixed,0
1778512639,85948,13.9453,NaN,NaN,NaN,NaN,NaN,df,mixed,0
1778512699,86008,13.9453,NaN,NaN,NaN,NaN,NaN,df,mixed,0
1778512759,86068,13.9453,NaN,NaN,NaN,NaN,NaN,df,mixed,0
1778512820,86129,13.9453,NaN,NaN,NaN,NaN,NaN,df,mixed,0
1778512880,86189,13.9453,NaN,NaN,NaN,NaN,NaN,df,mixed,0
1778512940,86249,13.9453,NaN,NaN,NaN,NaN,NaN,df,mixed,0
1778513002,86311,13.9453,11.3867,NaN,NaN,NaN,NaN,df,df,1
1778513063,86372,13.9453,11.3867,NaN,NaN,NaN,NaN,df,df,1
