1784250540.654165595,13.6,0
1784250540.720932911,15.9,0
1784250540.790169938,9.0,0
1784250540.852384742,8.0,0
1784250540.913930373,9.9,0
1784250540.977168591,8.1,0
1784250541.038625279,8.2,0
1784250541.100009058,8.2,0
1784250541.161640959,7.8,0
1784250541.222703927,8.8,0
1784250541.284804240,7.8,0
1784250541.346044053,52.5,0
1784250541.452179489,10.6,0
1784250541.515962203,15.5,0
1784250541.584730146,15.6,0
1784250541.653473233,9.2,0
1784250541.715988066,15.0,0
1784250541.784360607,10.1,0
1784250541.847553607,12.2,0
1784250541.913081486,16.4,0
1784250541.982519013,10.9,0
1784250542.046738391,11.6,0
1784250542.111400292,14.1,0
1784250542.178699024,10.8,0
1784250542.242648197,12.7,0
1784250542.308379700,10.2,0
1784250542.371289796,11.3,0
1784250542.435388293,11.5,0
1784250542.499616003,14.4,0
1784250542.567259942,14.2,0
1784250542.634594928,43.5,0
1784250542.731333023,8.8,0
1784250542.793356731,14.4,0
1784250542.860999498,14.0,0
1784250542.928239893,11.1,0
1784250542.992504168,22.7,0
1784250543.068308875,12.9,0
1784250543.134696061,10.3,0
1784250543.198086738,15.6,0
1784250543.266785477,11.3,0
1784250543.331023763,12.9,0
1784250543.397099903,10.5,0
1784250543.461200573,13.2,0
1784250543.528132996,10.7,0
1784250543.592001187,16.1,0
1784250543.662006365,15.9,0
1784250543.731126305,13.8,0
1784250543.798083445,14.2,0
1784250543.865560575,14.8,0
1784250543.933965043,10.1,0
1784250543.997648928,20.1,0
1784250544.071333870,15.8,0
1784250544.140061843,15.7,0
1784250544.209411237,11.0,0
1784250544.273440099,10.6,0
1784250544.337221551,11.2,0
1784250544.401880127,12.7,0
1784250544.468259851,11.6,0
1784250544.533096724,10.8,0
1784250544.597028821,10.2,0
1784250544.660417665,11.9,0
1784250544.726200034,13.4,0
1784250544.793234971,8.9,0
1784250544.855266700,13.2,0
1784250544.921820826,17.6,0
1784250544.992669638,14.3,0
1784250545.060625243,10.9,0
1784250545.124853214,9.8,0
1784250545.188033254,11.7,0
1784250545.252897137,13.3,0
1784250545.319898353,14.0,0
1784250545.387163544,8.9,0
1784250545.449383246,12.5,0
1784250545.515028199,11.0,0
1784250545.579109820,12.4,0
1784250545.644706972,10.5,0
1784250545.708822134,14.2,0
1784250545.776373974,14.7,0
1784250545.844217533,11.7,0
1784250545.909304320,14.8,0
1784250545.977009120,7.4,0
1784250546.037868092,7.0,0
1784250546.098296199,7.0,0
1784250546.158687840,7.4,0
1784250546.219678540,8.3,0
1784250546.281076239,8.2,0
1784250546.342394459,8.8,0
1784250546.404398347,9.0,0
1784250546.466793591,7.3,0
1784250546.527364121,7.9,0
1784250546.588701710,7.4,0
1784250546.649537348,7.7,0
1784250546.710367056,7.6,0
1784250546.771187600,7.2,0
1784250546.831724450,7.9,0
1784250546.892766426,9.8,0
1784250546.955760097,9.2,0
1784250547.018314980,10.2,0
1784250547.082004023,9.4,0
1784250547.144572647,9.5,0
1784250547.207366498,10.2,0
1784250547.270705286,9.4,0
1784250547.333278666,9.8,0
1784250547.396423754,9.3,0
1784250547.458842824,7.4,0
1784250547.519277881,7.4,0
1784250547.579900639,7.5,0
1784250547.640807933,7.4,0
1784250547.701515088,7.8,0
1784250547.762923273,7.6,0
1784250547.823587613,8.5,0
1784250547.885352292,10.4,0
1784250547.948970329,10.3,0
1784250548.012563938,9.6,0
1784250548.075263588,9.5,0
1784250548.137831881,10.3,0
1784250548.201756156,9.1,0
1784250548.264142397,9.7,0
1784250548.327161515,9.5,0
1784250548.389839403,8.3,0
1784250548.451388669,7.7,0
1784250548.512474611,7.3,0
1784250548.573419622,7.5,0
1784250548.634137663,7.4,0
1784250548.694647481,7.4,0
1784250548.755358832,7.8,0
1784250548.816365115,7.4,0
1784250548.876842234,9.5,0
1784250548.939792921,9.5,0
1784250549.002639371,10.4,0
1784250549.066471788,8.5,0
1784250549.128107884,10.3,0
1784250549.191599561,9.2,0
1784250549.254006092,10.0,0
1784250549.317171540,10.6,0
1784250549.381245689,9.1,0
1784250549.443956065,9.9,0
1784250549.507000442,10.1,0
1784250549.570350676,9.3,0
1784250549.632863176,8.7,0
1784250549.694722146,7.5,0
1784250549.755384934,7.3,0
1784250549.815890937,7.5,0
1784250549.876768066,7.5,0
1784250549.937469672,7.7,0
1784250549.998370837,7.9,0
1784250550.059606232,8.3,0
1784250550.121143471,10.6,0
1784250550.184889649,9.0,0
1784250550.247080246,10.5,0
1784250550.310608687,8.4,0
1784250550.372065114,7.2,0
1784250550.432579019,7.4,0
1784250550.493379483,7.2,0
1784250550.553789712,7.3,0
1784250550.614393562,7.5,0
1784250550.675196680,7.4,0
1784250550.735870714,9.9,0
1784250550.798920309,9.9,0
1784250550.861873659,9.2,0
1784250550.924098137,10.9,0
1784250550.988233918,9.1,0
1784250551.050698586,9.6,0
1784250551.113388471,10.1,0
1784250551.177134759,9.0,0
1784250551.239384535,9.9,0
1784250551.302487519,10.0,0
1784250551.365767108,9.5,0
1784250551.428523282,9.9,0
1784250551.491714078,9.5,0
1784250551.554354959,10.4,0
1784250551.618061728,9.5,0
1784250551.681017021,9.2,0
1784250551.743417823,10.6,0
1784250551.807253425,8.8,0
1784250551.869399124,9.2,0
1784250551.931708089,12.1,0
1784250551.997118030,9.6,0
1784250552.060119802,8.8,0
1784250552.122400294,9.5,0
1784250552.185445882,9.3,0
1784250552.247990930,9.5,0
1784250552.311009277,10.1,0
1784250552.374342906,9.1,0
1784250552.436846612,9.1,0
1784250552.499188906,11.0,0
1784250552.563506230,8.5,0
1784250552.625402185,9.8,0
1784250552.688607733,9.0,0
1784250552.750916387,10.9,0
1784250552.815030566,9.7,0
1784250552.877946029,9.0,0
1784250552.940066351,9.7,0
1784250553.002974883,10.0,0
1784250553.066300561,9.8,0
1784250553.129386840,9.9,0
1784250553.192627530,9.5,0
1784250553.255426759,10.0,0
1784250553.318751996,9.7,0
1784250553.381669351,9.7,0
1784250553.444637062,9.6,0
1784250553.507340348,10.6,0
1784250553.571270791,9.5,0
1784250553.634081427,9.8,0
1784250553.697190320,9.7,0
1784250553.760267125,9.3,0
1784250553.823181817,8.8,0
1784250553.885483840,12.1,0
1784250553.950629165,9.2,0
1784250554.013471898,8.8,0
1784250554.075907492,8.1,0
1784250554.137297439,10.2,0
1784250554.200811118,9.0,0
1784250554.263060923,10.0,0
1784250554.326257628,9.6,0
1784250554.389085269,10.4,0
1784250554.452927250,9.6,0
1784250554.515927610,9.6,0
1784250554.578759167,10.1,0
1784250554.642152927,8.5,0
1784250554.703771607,10.7,0
1784250554.767705085,10.0,0
1784250554.830991043,10.2,0
1784250554.895111371,10.0,0
1784250554.958753202,7.8,0
1784250555.019925032,8.8,0
1784250555.082116400,10.1,0
1784250555.145460114,11.1,0
1784250555.210254683,8.3,0
1784250555.271741995,9.5,0
1784250555.334335115,10.4,0
1784250555.397910717,9.4,0
1784250555.460712059,9.0,0
1784250555.522952670,11.4,0
1784250555.587537224,8.6,0
1784250555.649445768,10.9,0
1784250555.713485405,11.0,0
1784250555.777860675,8.2,0
1784250555.839338133,8.8,0
1784250555.901338815,10.4,0
1784250555.964899265,9.7,0
1784250556.027903861,9.2,0
1784250556.090416620,9.8,0
1784250556.153681496,9.7,0
1784250556.216880353,9.8,0
1784250556.280219581,9.4,0
1784250556.342886872,8.7,0
1784250556.404810518,10.8,0
1784250556.469084116,8.8,0
1784250556.531204007,10.8,0
1784250556.595161731,10.4,0
1784250556.658757934,9.0,0
1784250556.720947118,9.8,0
1784250556.783920217,9.2,0
1784250556.846315270,9.7,0
1784250556.909099656,10.3,0
1784250556.972706535,9.2,0
1784250557.035214607,10.0,0
1784250557.098431952,10.0,0
1784250557.161640113,9.3,0
1784250557.224303738,10.2,0
1784250557.287764788,9.3,0
1784250557.350295424,10.3,0
1784250557.413889544,9.5,0
1784250557.476748852,9.7,0
1784250557.539587950,9.8,0
1784250557.602640788,10.0,0
1784250557.665948188,9.5,0
1784250557.728648037,10.1,0
1784250557.791983530,9.7,0
1784250557.854760605,9.3,0
1784250557.917383639,9.5,0
1784250557.980107144,10.2,0
1784250558.043429917,9.4,0
1784250558.106087002,10.3,0
1784250558.169478117,9.9,0
1784250558.232557525,10.2,0
1784250558.295926868,10.0,0
1784250558.359193857,9.1,0
1784250558.421552715,10.1,0
1784250558.484984382,9.1,0
1784250558.547291953,10.9,0
1784250558.611126423,9.0,0
1784250558.673734354,10.2,0
1784250558.737553851,8.6,0
1784250558.799507653,9.6,0
1784250558.862284137,10.2,0
1784250558.925701852,9.9,0
1784250558.988766989,10.4,0
1784250559.052407077,9.2,0
1784250559.115195308,9.1,0
1784250559.177805754,8.9,0
1784250559.240071072,11.9,0
1784250559.305554542,8.5,0
1784250559.367128234,9.3,0
1784250559.429695635,10.7,0
1784250559.493889733,9.9,0
1784250559.557078815,9.5,0
1784250559.619938164,9.4,0
1784250559.682750742,9.4,0
1784250559.745493586,9.7,0
1784250559.808533574,9.0,0
1784250559.870648507,10.0,0
1784250559.933796418,10.0,0
1784250559.996975976,9.8,0
1784250560.059965099,9.7,0
1784250560.122848764,11.1,0
1784250560.187161109,8.8,0
1784250560.249544253,8.5,0
1784250560.311329662,10.8,0
1784250560.375552764,9.3,0
1784250560.438286003,8.4,0
1784250560.499768318,7.5,0
1784250560.560478636,7.6,0
1784250560.621167582,8.1,0
1784250560.682535275,8.2,0
1784250560.744303929,7.8,0
1784250560.805220266,7.5,0
1784250560.865942021,7.4,0
1784250560.926652640,9.9,0
1784250560.989805097,7.6,0
1784250561.050504048,7.7,0
1784250561.111299073,8.2,0
1784250561.172642319,7.7,0
1784250561.233557955,8.1,0
1784250561.295061591,7.9,0
1784250561.356208504,7.6,0
1784250561.417044870,7.1,0
1784250561.477623611,8.1,0
1784250561.538794750,11.6,0
1784250561.603671691,8.6,0
1784250561.665618432,9.8,0
1784250561.728779021,9.8,0
1784250561.791798629,10.4,0
1784250561.855395162,9.5,0
1784250561.918102332,9.2,0
1784250561.980669352,9.6,0
1784250562.043473467,9.9,0
1784250562.106640336,10.6,0
1784250562.170763257,9.6,0
1784250562.233754924,8.9,0
1784250562.295919430,9.6,0
1784250562.358912038,9.9,0
1784250562.422152437,9.2,0
1784250562.484575001,10.0,0
1784250562.547813376,9.0,0
1784250562.610106807,11.0,0
1784250562.674479953,8.8,0
1784250562.736684039,9.3,0
1784250562.799193974,10.9,0
1784250562.863309173,9.7,0
1784250562.926252958,9.4,0
1784250562.988965445,11.0,0
1784250563.053275868,8.3,0
1784250563.114837571,9.1,0
1784250563.177021858,10.5,0
1784250563.240562136,9.8,0
1784250563.303616255,10.0,0
1784250563.366924656,10.4,0
1784250563.430580708,9.2,0
1784250563.493000568,9.5,0
1784250563.555728298,9.9,0
1784250563.618885803,10.1,0
1784250563.682508434,9.6,0
1784250563.745262144,9.5,0
1784250563.808265838,9.4,0
1784250563.870884365,9.2,0
1784250563.933335000,10.8,0
1784250563.997575128,8.9,0
1784250564.059917501,9.9,0
1784250564.123233993,10.0,0
1784250564.186389555,8.7,0
1784250564.248343836,10.8,0
1784250564.312505987,8.6,0
1784250564.374336643,9.6,0
1784250564.437169301,9.9,0
1784250564.500424171,11.0,0
1784250564.564808694,9.2,0
1784250564.627276776,9.5,0
1784250564.689956525,10.2,0
1784250564.753345266,8.2,0
1784250564.814667550,7.3,0
1784250564.875093973,6.9,0
1784250564.935553645,7.8,0
1784250564.996664473,7.7,0
1784250565.057477053,8.2,0
1784250565.118744476,8.5,0
1784250565.180472569,8.1,0
1784250565.242086250,9.3,0
1784250565.304884887,9.0,0
1784250565.366952778,12.4,0
1784250565.433009146,8.2,0
1784250565.494794775,8.4,0
1784250565.556342587,9.1,0
1784250565.619113673,9.6,0
1784250565.682003486,10.3,0
1784250565.745548211,9.7,0
1784250565.808689441,8.7,0
1784250565.870829581,10.7,0
1784250565.935031240,8.5,0
1784250565.996810620,7.2,0
1784250566.057138875,7.4,0
1784250566.117786889,7.4,0
1784250566.178677817,8.3,0
1784250566.240249385,8.5,0
1784250566.302158369,8.1,0
1784250566.363574213,7.5,0
1784250566.424307165,8.0,0
1784250566.485436050,9.5,0
1784250566.548177110,9.9,0
1784250566.611553562,10.2,0
1784250566.674985898,9.4,0
1784250566.737796744,9.4,0
1784250566.800293889,9.8,0
1784250566.863283601,10.2,0
1784250566.926772722,9.4,0
1784250566.989283388,10.6,0
1784250567.053081812,9.1,0
1784250567.115542272,9.9,0
1784250567.178550903,10.0,0
1784250567.241796610,9.1,0
1784250567.304176940,11.2,0
1784250567.368629034,8.7,0
1784250567.430583595,9.3,0
1784250567.493105257,10.6,0
1784250567.557036340,9.3,0
1784250567.619401728,10.5,0
1784250567.683157298,9.1,0
1784250567.745500753,9.9,0
1784250567.808603144,9.9,0
1784250567.871761490,9.7,0
1784250567.934544934,9.2,0
1784250567.996957021,10.2,0
1784250568.060313043,9.5,0
1784250568.123130417,10.8,0
1784250568.187011436,9.9,0
1784250568.249992946,9.4,0
1784250568.313113114,9.1,0
1784250568.375376829,10.2,0
1784250568.438942635,9.3,0
1784250568.501585198,9.8,0
1784250568.564569602,9.8,0
1784250568.627742280,10.1,0
1784250568.691192582,9.1,0
1784250568.753574374,10.2,0
1784250568.816904126,8.9,0
1784250568.878979950,11.0,0
1784250568.943249601,10.6,0
1784250569.007372251,8.9,0
1784250569.069466021,8.3,0
1784250569.131284308,10.7,0
1784250569.195474280,9.9,0
1784250569.258758674,8.6,0
1784250569.320673336,9.1,0
1784250569.383361206,9.7,0
1784250569.446381845,10.2,0
1784250569.509963725,9.9,0
1784250569.573067819,9.1,0
1784250569.635425084,9.5,0
1784250569.698170130,9.6,0
1784250569.761076017,10.5,0
1784250569.824945718,9.0,0
1784250569.887162603,10.7,0
1784250569.951154007,9.6,0
1784250570.014015527,9.2,0
1784250570.076553322,9.5,0
1784250570.139232139,9.6,0
1784250570.202032758,10.7,0
1784250570.266014247,9.1,0
1784250570.328300856,10.2,0
1784250570.391814984,9.2,0
1784250570.454201794,10.8,0
1784250570.517980859,9.8,0
1784250570.581143951,9.5,0
1784250570.643813244,9.9,0
1784250570.706824188,10.1,0
1784250570.770140730,10.2,0
1784250570.833713557,8.8,0
1784250570.895815669,10.9,0
1784250570.959995135,9.0,0
1784250571.022245760,9.1,0
1784250571.084573160,9.9,0
1784250571.147613699,12.0,0
1784250571.212628446,7.6,0
1784250571.273416399,10.4,0
1784250571.336999400,8.9,0
1784250571.399086891,11.0,0
1784250571.463351564,10.3,0
1784250571.526818421,8.8,0
1784250571.588934114,9.3,0
1784250571.651496426,9.6,0
1784250571.714312308,11.6,0
1784250571.779193355,8.6,0
1784250571.841241677,9.5,0
1784250571.903995856,9.1,0
1784250571.966256917,10.1,0
1784250572.029757665,9.5,0
1784250572.092681268,9.9,0
1784250572.155667386,9.5,0
1784250572.218550848,9.6,0
1784250572.281399820,10.2,0
1784250572.344889191,8.9,0
1784250572.407015900,10.8,0
1784250572.471112952,9.8,0
1784250572.534147081,9.4,0
1784250572.596810114,9.8,0
1784250572.659848289,9.2,0
1784250572.722562438,9.8,0
1784250572.785606612,8.9,0
1784250572.847763557,7.3,0
1784250572.908413333,7.2,0
1784250572.968710621,7.2,0
1784250573.029153538,7.2,0
1784250573.089571697,7.2,0
1784250573.150097858,8.3,0
1784250573.211675685,9.3,0
1784250573.274392628,10.3,0
1784250573.337926616,9.3,0
1784250573.400591411,10.5,0
1784250573.464363366,7.5,0
1784250573.525172220,7.4,0
1784250573.586044530,7.7,0
1784250573.647146604,7.7,0
1784250573.707967777,7.5,0
1784250573.769068108,7.5,0
1784250573.829993818,7.9,0
1784250573.891253778,7.4,0
1784250573.951870134,8.0,0
1784250574.013115303,10.5,0
1784250574.076863131,10.0,0
1784250574.140532722,8.4,0
1784250574.202262296,9.7,0
1784250574.265209735,11.0,0
1784250574.329348699,8.5,0
1784250574.391273956,9.8,0
1784250574.454394514,10.6,0
1784250574.518096835,10.8,0
1784250574.582435408,8.7,0
1784250574.644279824,9.6,0
1784250574.707224719,9.8,0
1784250574.770405958,9.1,0
1784250574.832701480,9.8,0
1784250574.895976700,9.2,0
1784250574.958344300,9.8,0
1784250575.021790666,9.8,0
1784250575.085032847,9.6,0
1784250575.148073816,9.7,0
1784250575.211144349,10.6,0
1784250575.275207470,8.1,0
1784250575.336484856,9.6,0
1784250575.399947938,9.6,0
1784250575.462882958,10.0,0
1784250575.526197537,8.8,0
1784250575.588510224,10.1,0
1784250575.652041648,9.4,0
1784250575.714668276,9.9,0
1784250575.777875644,9.3,0
1784250575.840439989,9.8,0
1784250575.903799375,10.1,0
1784250575.967459261,8.7,0
1784250576.029800512,10.1,0
1784250576.093181540,8.7,0
1784250576.155250062,9.7,0
1784250576.218294236,10.4,0
1784250576.281912259,9.6,0
1784250576.345072376,9.5,0
1784250576.407933265,9.9,0
1784250576.470892171,9.2,0
1784250576.533283577,10.4,0
1784250576.596940849,9.2,0
1784250576.659260217,10.4,0
1784250576.723075956,9.1,0
1784250576.785416155,9.8,0
1784250576.848535842,11.0,0
1784250576.913214855,9.5,0
1784250576.976222734,8.7,0
1784250577.038423765,10.5,0
1784250577.102375658,9.1,0
1784250577.164724640,8.1,0
1784250577.226263969,10.9,0
1784250577.290318807,8.8,0
1784250577.352330874,10.0,0
1784250577.415391382,10.1,0
1784250577.478745800,10.1,0
1784250577.542113068,10.7,0
1784250577.606061627,8.4,0
1784250577.667724911,9.1,0
1784250577.730187333,10.3,0
1784250577.793719237,9.9,0
1784250577.856777732,10.0,0
1784250577.920163097,9.1,0
1784250577.982508353,9.6,0
1784250578.045249533,10.3,0
1784250578.108807556,9.9,0
1784250578.171961324,9.7,0
1784250578.234829944,9.3,0
1784250578.297369562,10.7,0
1784250578.361276938,9.6,0
1784250578.424247231,9.0,0
1784250578.486576503,9.2,0
1784250578.549064474,10.0,0
1784250578.612559693,10.0,0
1784250578.675758348,10.8,0
1784250578.740079554,9.3,0
1784250578.802803028,8.6,0
1784250578.864667243,9.3,0
1784250578.927217326,10.2,0
1784250578.990962760,62.3,0
1784250579.106386317,49.1,0
1784250579.208807732,46.7,0
1784250579.308645876,72.6,0
1784250579.434470518,52.0,0
1784250579.539969304,47.3,0
1784250579.640529109,19.7,0
1784250579.713513417,23.1,0
1784250579.789741394,22.8,0
1784250579.865730434,29.4,0
1784250579.948599442,22.8,0
1784250580.024845767,7.6,0
1784250580.085996834,102.9,0
1784250580.241970760,8.5,0
1784250580.303240895,7.3,0
1784250580.363727266,7.6,0
1784250580.424665183,9.2,0
1784250580.487044009,9.8,0
1784250580.550183706,9.4,0
1784250580.613089612,7.9,0
1784250580.674268050,7.5,0
1784250580.734693108,7.8,0
1784250580.795040130,12.6,0
1784250580.861413532,10.4,0
1784250580.925145936,8.4,0
1784250580.986535330,8.8,0
1784250581.048693796,9.0,0
1784250581.111096659,7.9,0
1784250581.172247275,10.6,0
1784250581.236312157,7.8,0
1784250581.297429724,12.4,0
1784250581.363064509,8.1,0
1784250581.424481504,10.0,0
1784250581.487481120,8.0,0
1784250581.548646317,7.9,0
1784250581.609478346,8.3,0
1784250581.671355110,8.1,0
1784250581.732974428,8.2,0
1784250581.794506406,8.4,0
1784250581.856190711,7.9,0
1784250581.917352955,8.0,0
1784250581.978847606,7.2,0
1784250582.039337862,7.2,0
1784250582.100204413,7.7,0
1784250582.161119596,8.2,0
1784250582.222613246,7.5,0
1784250582.283540487,10.3,0
1784250582.347409686,9.4,0
1784250582.410439437,9.6,0
1784250582.473596279,9.4,0
1784250582.536333783,9.5,0
1784250582.599277776,10.0,0
1784250582.662380136,9.5,0
1784250582.725190289,8.9,0
1784250582.787352130,9.8,0
1784250582.850418776,10.4,0
1784250582.914066053,10.3,0
1784250582.977695503,7.8,0
1784250583.038845027,8.3,0
1784250583.100318147,8.5,0
1784250583.162016703,7.4,0
1784250583.222671857,8.0,0
1784250583.283945517,7.6,0
1784250583.344766779,7.5,0
1784250583.405539058,7.6,0
1784250583.466631857,8.0,0
1784250583.528196162,7.6,0
1784250583.589382592,12.3,0
1784250583.655116265,7.9,0
1784250583.716303415,10.2,0
1784250583.780062309,7.7,0
1784250583.841128268,7.1,0
1784250583.901388480,8.2,0
1784250583.962748139,8.3,0
1784250584.024318243,11.9,0
1784250584.089539308,8.1,0
1784250584.151277884,10.5,0
1784250584.214935236,7.8,0
1784250584.276449316,11.7,0
1784250584.341423371,8.1,0
1784250584.403158202,10.0,0
1784250584.466499971,7.8,0
1784250584.527542264,8.0,0
1784250584.588609545,10.9,0
1784250584.652725313,7.6,0
1784250584.713672184,7.9,0
1784250584.774650431,7.3,0
1784250584.835206305,7.2,0
1784250584.895684694,7.6,0
1784250584.956489882,8.8,0
1784250585.018547146,7.6,0
1784250585.079450301,8.6,0
1784250585.141196690,7.8,0
1784250585.202471221,7.5,0
1784250585.263110871,8.0,0
1784250585.324703488,7.6,0
1784250585.385406924,7.4,0
1784250585.445975728,7.4,0
1784250585.506599444,7.9,0
1784250585.567715738,7.7,0
1784250585.628665833,8.1,0
1784250585.690100074,8.2,0
1784250585.751770498,8.4,0
1784250585.813433461,10.1,0
1784250585.876613127,8.1,0
1784250585.938011364,10.5,0
1784250586.001967553,8.4,0
1784250586.063640711,11.5,0
1784250586.128425121,8.4,0
1784250586.190156647,10.7,0
1784250586.254280518,7.8,0
1784250586.315239757,7.7,0
1784250586.376285054,7.3,0
1784250586.436883452,7.5,0
1784250586.497682842,7.2,0
1784250586.558641249,7.4,0
1784250586.619563232,8.0,0
1784250586.680996661,7.7,0
1784250586.742184262,8.5,0
1784250586.803942038,7.5,0
1784250586.864868738,7.8,0
1784250586.925779664,8.5,0
1784250586.987536898,8.2,0
1784250587.049077928,10.2,0
1784250587.112597023,8.4,0
1784250587.174624993,10.5,0
1784250587.238457937,7.4,0
1784250587.299089365,9.0,0
1784250587.361279698,11.1,0
1784250587.426136677,7.4,0
1784250587.486675466,7.4,0
1784250587.547716406,7.7,0
1784250587.608575445,8.4,0
1784250587.670152990,7.5,0
1784250587.730890246,8.9,0
1784250587.793113910,7.5,0
1784250587.853902212,9.8,0
1784250587.916891753,7.3,0
1784250587.977481338,10.0,0
1784250588.040868664,7.4,0
1784250588.101417989,8.0,0
1784250588.162849736,7.2,0
1784250588.223557888,7.3,0
1784250588.284347642,7.1,0
1784250588.344844888,7.5,0
1784250588.405599060,7.2,0
1784250588.466026021,7.5,0
1784250588.526888344,7.5,0
1784250588.587484499,8.6,0
1784250588.649332519,8.1,0
1784250588.710765458,7.6,0
1784250588.771741511,7.4,0
1784250588.832723384,7.3,0
1784250588.893257696,7.2,0
1784250588.953568613,8.2,0
1784250589.014896203,7.5,0
1784250589.075545287,7.2,0
1784250589.135931087,8.5,0
1784250589.197790113,7.3,0
1784250589.258259878,8.4,0
1784250589.319990663,7.6,0
1784250589.380841058,9.1,0
1784250589.443324310,10.4,0
1784250589.507110454,9.6,0
1784250589.569855438,10.8,0
1784250589.634022994,8.7,0
1784250589.696069121,9.8,0
1784250589.759220454,7.5,0
1784250589.820119352,7.7,0
1784250589.881123087,7.0,0
1784250589.941536288,7.4,0
1784250590.002399813,7.8,0
1784250590.063616437,7.3,0
1784250590.124628835,9.2,0
1784250590.187028872,7.7,0
1784250590.248213478,10.7,0
1784250590.312253292,7.8,0
1784250590.373207703,7.8,0
1784250590.434086782,7.5,0
1784250590.494817197,7.2,0
1784250590.555371509,7.2,0
1784250590.615823107,7.9,0
1784250590.677137988,7.4,0
1784250590.737787643,7.3,0
1784250590.798332530,7.3,0
1784250590.858892550,7.7,0
1784250590.919846791,8.7,0
1784250590.981920099,9.6,0
1784250591.044737612,7.9,0
1784250591.105859233,11.0,0
1784250591.170201751,9.2,0
1784250591.232554187,9.5,0
1784250591.295350257,9.7,0
1784250591.358459357,10.4,0
1784250591.422150468,8.9,0
1784250591.484156565,10.8,0
1784250591.548112153,8.4,0
1784250591.609938971,10.6,0
1784250591.674156001,8.7,0
1784250591.736158102,10.6,0
1784250591.800197676,8.1,0
1784250591.861590454,11.3,0
1784250591.926002846,9.3,0
1784250591.988798005,9.5,0
1784250592.051523179,8.1,0
1784250592.112890098,7.7,0
1784250592.173821835,7.3,0
1784250592.234628385,7.3,0
1784250592.295105681,6.9,0
1784250592.355392171,7.1,0
1784250592.415681035,6.9,0
1784250592.475795888,7.1,0
1784250592.536168808,9.6,0
1784250592.599078999,8.1,0
1784250592.660411767,7.6,0
1784250592.721155112,8.1,0
1784250592.782415361,7.6,0
1784250592.843694639,7.7,0
1784250592.904705555,8.2,0
1784250592.966228507,7.9,0
1784250593.027307044,8.1,0
1784250593.088837999,7.6,0
1784250593.149739521,8.9,0
1784250593.211980860,9.4,0
1784250593.274942689,9.8,0
1784250593.338421762,8.1,0
1784250593.400009832,10.0,0
1784250593.463313423,7.5,0
1784250593.523982457,12.5,0
1784250593.590062678,8.6,0
1784250593.651936226,8.5,0
1784250593.713841672,7.7,0
1784250593.775044335,9.4,0
1784250593.837390852,7.7,0
1784250593.898485212,10.4,0
1784250593.961943334,7.4,0
1784250594.022969273,12.4,0
1784250594.088645448,7.5,0
1784250594.149391978,7.8,0
1784250594.210478126,6.9,0
1784250594.270871496,7.5,0
1784250594.331583644,7.6,0
1784250594.392363103,7.4,0
1784250594.452987689,7.5,0
1784250594.513723422,7.7,0
1784250594.574838504,7.1,0
1784250594.635189110,9.8,0
1784250594.698293522,10.1,0
1784250594.761394880,8.6,0
1784250594.823694757,10.1,0
1784250594.887247881,9.7,0
1784250594.950249249,9.8,0
1784250595.013749755,8.9,0
1784250595.076051204,9.6,0
1784250595.138989748,10.8,0
1784250595.203131093,8.2,0
1784250595.264629840,11.6,0
1784250595.329506938,8.6,0
1784250595.391289269,10.2,0
1784250595.455120100,7.6,0
1784250595.516308371,7.2,0
1784250595.576731255,7.2,0
1784250595.637207760,7.2,0
1784250595.697570314,7.4,0
1784250595.758058717,7.7,0
1784250595.819268159,8.0,0
1784250595.880567767,8.4,0
1784250595.942466363,8.7,0
1784250596.004551137,8.1,0
1784250596.066008381,11.2,0
1784250596.130633051,7.7,0
1784250596.191541523,9.4,0
1784250596.254315460,8.0,0
1784250596.315771702,10.2,0
1784250596.379727591,8.0,0
1784250596.440849612,11.0,0
1784250596.505224648,7.7,0
1784250596.566424116,7.9,0
1784250596.627594881,9.0,0
1784250596.689960135,11.0,0
1784250596.754071827,8.6,0
1784250596.816214017,7.9,0
1784250596.877115698,10.7,0
1784250596.941018807,7.5,0
1784250597.001804185,7.8,0
1784250597.062849512,7.2,0
1784250597.123299787,7.4,0
1784250597.184031073,8.6,0
1784250597.245872172,7.3,0
1784250597.306464430,10.1,0
1784250597.370003113,8.4,0
1784250597.431679285,9.1,0
1784250597.493803087,8.7,0
1784250597.555914361,9.3,0
1784250597.618481188,8.3,0
1784250597.679878322,12.3,0
1784250597.745397332,8.5,0
1784250597.807409137,9.6,0
1784250597.870507420,8.1,0
1784250597.932030071,11.8,0
1784250597.997311776,7.4,0
1784250598.058111064,11.6,0
1784250598.122966980,7.4,0
1784250598.183640991,11.0,0
1784250598.247921755,7.4,0
1784250598.308473863,10.2,0
1784250598.372306336,8.0,0
1784250598.433437931,11.5,0
1784250598.498285565,8.0,0
1784250598.559580406,11.4,0
1784250598.624452697,8.2,0
1784250598.686073135,9.7,0
1784250598.749163506,8.1,0
1784250598.810370255,7.9,0
1784250598.871685806,7.2,0
1784250598.932419265,7.3,0
1784250598.992989631,7.7,0
1784250599.054431001,7.5,0
1784250599.115119983,7.4,0
1784250599.175739031,9.3,0
1784250599.238778115,7.9,0
1784250599.300492805,9.5,0
1784250599.363037278,7.6,0
1784250599.423808123,7.2,0
1784250599.484297877,7.7,0
1784250599.545314200,7.4,0
1784250599.606297304,6.9,0
1784250599.666552687,7.0,0
1784250599.726977634,7.1,0
1784250599.787456271,7.6,0
1784250599.848129300,11.0,0
1784250599.912890114,7.5,0
1784250599.974007779,10.3,0
1784250600.038147091,6.9,0
1784250600.098365679,9.7,0
1784250600.161216220,7.3,0
1784250600.221608418,7.2,0
1784250600.281979405,7.6,0
1784250600.343050980,6.8,0
1784250600.403015438,7.6,0
1784250600.463700344,7.3,0
1784250600.524582295,7.7,0
1784250600.586140000,7.3,0
1784250600.646466940,7.5,0
1784250600.707221160,11.4,0
1784250600.771852840,7.5,0
1784250600.832695884,10.0,0
1784250600.896219804,8.1,0
1784250600.957475977,11.2,0
1784250601.022212454,7.5,0
1784250601.083056288,51.7,0
1784250601.187793710,44.1,0
1784250601.284949823,51.8,0
1784250601.390210058,78.2,0
1784250601.521645503,75.8,0
1784250601.650576905,8.2,0
1784250601.712394098,33.6,0
1784250601.799519391,21.2,0
1784250601.873897485,22.9,0
1784250601.950024609,27.7,0
1784250602.030916312,22.2,0
1784250602.106375805,122.0,0
1784250602.281504437,8.3,0
1784250602.342576213,8.8,0
1784250602.405065863,8.4,0
1784250602.466936716,11.0,0
1784250602.531521837,8.4,0
1784250602.592843347,7.7,0
1784250602.653445189,9.9,0
1784250602.716467407,8.8,0
1784250602.778272922,11.7,0
1784250602.843237591,12.1,0
1784250602.908370462,11.3,0
1784250602.972818858,9.0,0
1784250603.035101318,7.7,0
1784250603.096162107,10.4,0
1784250603.160531554,8.4,0
1784250603.222297009,10.9,0
1784250603.286513106,8.0,0
1784250603.347643530,11.1,0
1784250603.412400417,8.1,0
1784250603.473806865,7.3,0
1784250603.534682387,9.1,0
1784250603.597029293,7.9,0
1784250603.658061680,7.4,0
1784250603.718750833,7.2,0
1784250603.779109370,7.9,0
1784250603.840271291,7.1,0
1784250603.900524621,7.2,0
1784250603.961185400,7.3,0
1784250604.021818539,7.0,0
1784250604.082040432,7.2,0
1784250604.142453711,8.2,0
1784250604.204198355,8.3,0
1784250604.265777801,8.6,0
1784250604.327622075,7.5,0
1784250604.388545228,7.5,0
1784250604.449416042,9.1,0
1784250604.511991441,8.2,0
1784250604.573422466,8.2,0
1784250604.634938657,7.6,0
1784250604.695759247,7.6,0
1784250604.756641939,7.2,0
1784250604.817068568,10.9,0
1784250604.881275852,7.4,0
1784250604.941959637,8.1,0
1784250605.003374987,7.1,0
1784250605.063690009,9.5,0
1784250605.126839608,7.5,0
1784250605.187517714,9.1,0
1784250605.249977600,7.5,0
1784250605.310639431,7.6,0
1784250605.371447171,7.4,0
1784250605.432137626,7.5,0
1784250605.493341169,7.7,0
1784250605.554235178,8.2,0
1784250605.615573243,12.3,0
1784250605.681089408,7.4,0
1784250605.741712792,11.3,0
1784250605.806386945,8.0,0
1784250605.867594304,11.8,0
1784250605.933000725,7.6,0
1784250605.994030237,10.9,0
1784250606.058070250,7.6,0
1784250606.119046643,11.5,0
1784250606.184176999,8.3,0
1784250606.245724998,10.6,0
1784250606.309587596,7.0,0
1784250606.369791461,7.4,0
1784250606.430661745,7.1,0
1784250606.490897788,7.2,0
1784250606.551345439,7.4,0
1784250606.612245287,7.3,0
1784250606.673063262,7.3,0
1784250606.733689210,7.7,0
1784250606.794552113,7.4,0
1784250606.855215216,7.4,0
1784250606.915855946,7.3,0
1784250606.976364357,7.4,0
1784250607.037099058,8.6,0
1784250607.098906866,7.4,0
1784250607.159567827,8.0,0
1784250607.220795015,7.5,0
1784250607.281649054,7.5,0
1784250607.342723724,7.9,0
1784250607.403977853,7.1,0
1784250607.464494867,11.0,0
1784250607.528942761,7.2,0
1784250607.589277753,8.5,0
1784250607.651324479,8.1,0
1784250607.712582985,9.8,0
1784250607.775783350,7.2,0
1784250607.836280724,8.3,0
1784250607.897898208,7.1,0
1784250607.958183255,8.0,0
1784250608.019365255,7.4,0
1784250608.080247857,8.6,0
1784250608.142320873,7.5,0
1784250608.203076144,7.6,0
1784250608.263904094,8.6,0
1784250608.325631823,7.4,0
1784250608.386283519,7.3,0
1784250608.447100773,7.6,0
1784250608.507975523,7.4,0
1784250608.568565958,6.9,0
1784250608.628890243,7.3,0
1784250608.689587878,7.3,0
1784250608.749966164,7.6,0
1784250608.810778832,7.3,0
1784250608.871276727,7.7,0
1784250608.932491096,7.3,0
1784250608.993043403,7.4,0
1784250609.053764043,9.5,0
1784250609.116457799,7.6,0
1784250609.177255774,7.8,0
1784250609.238195481,7.1,0
1784250609.298421970,7.0,0
1784250609.358612585,7.3,0
1784250609.419131963,7.6,0
1784250609.479896558,11.0,0
1784250609.544210532,7.3,0
1784250609.604643790,10.8,0
1784250609.668681820,7.3,0
1784250609.729238053,8.0,0
1784250609.790600083,7.1,0
1784250609.850943077,9.5,0
1784250609.913928730,7.6,0
1784250609.974789669,12.7,0
1784250610.041340955,7.2,0
1784250610.101653142,7.5,0
1784250610.162621292,7.0,0
1784250610.222712408,9.7,0
1784250610.286347454,7.3,0
1784250610.346883316,7.6,0
1784250610.407578988,7.9,0
1784250610.468828840,7.7,0
1784250610.529719835,10.6,0
1784250610.593615761,9.5,0
1784250610.656469567,11.8,0
1784250610.721728556,7.5,0
1784250610.782324849,9.9,0
1784250610.845421909,8.0,0
1784250610.906679392,7.5,0
1784250610.967406732,7.7,0
1784250611.028097977,7.3,0
1784250611.088701661,7.1,0
1784250611.149480137,7.6,0
1784250611.210118743,7.5,0
1784250611.271294324,8.1,0
1784250611.332796073,7.6,0
1784250611.393803902,7.7,0
1784250611.454793254,8.0,0
1784250611.516497797,7.7,0
1784250611.577452006,7.7,0
1784250611.638707537,7.5,0
1784250611.699551170,10.2,0
1784250611.763018725,7.5,0
1784250611.823699875,7.4,0
1784250611.884201346,7.1,0
1784250611.944413153,7.8,0
1784250612.005203576,10.1,0
1784250612.068560426,7.5,0
1784250612.129373583,11.5,0
1784250612.194014626,7.5,0
1784250612.254634694,9.6,0
1784250612.317519155,7.4,0
1784250612.378173866,9.0,0
1784250612.440641633,8.0,0
1784250612.501962020,8.2,0
1784250612.563895537,7.4,0
1784250612.624416677,7.6,0
1784250612.685473610,7.3,0
1784250612.745968160,10.8,0
1784250612.809995634,7.5,0
1784250612.870685797,7.4,0
1784250612.931471113,7.8,0
1784250612.992884350,7.6,0
1784250613.053754423,7.7,0
1784250613.114819658,7.7,0
1784250613.175741048,12.5,0
1784250613.241681848,7.6,0
1784250613.302562417,10.2,0
1784250613.365928740,7.7,0
1784250613.426708217,7.6,0
1784250613.487464740,7.8,0
1784250613.548567822,8.1,0
1784250613.609946296,8.0,0
1784250613.671190169,7.4,0
1784250613.731826181,7.7,0
1784250613.792851216,7.3,0
1784250613.853353488,7.9,0
1784250613.914449339,7.4,0
1784250613.975080454,7.1,0
1784250614.035428765,7.3,0
1784250614.096037527,9.3,0
1784250614.158460917,7.0,0
1784250614.218665322,7.3,0
1784250614.279235235,7.7,0
1784250614.340123956,7.3,0
1784250614.400673579,7.4,0
1784250614.461308659,7.4,0
1784250614.521947315,10.5,0
1784250614.585786787,7.4,0
1784250614.646317902,10.8,0
1784250614.710141450,8.4,0
1784250614.772136979,12.1,0
1784250614.837673804,7.7,0
1784250614.898574933,9.5,0
1784250614.961131463,7.8,0
1784250615.022094615,11.8,0
1784250615.087147285,7.6,0
1784250615.147936286,11.2,0
1784250615.212360825,7.8,0
1784250615.273406631,8.0,0
1784250615.334594049,7.3,0
1784250615.395209840,8.6,0
1784250615.457074984,7.4,0
1784250615.517719589,7.2,0
1784250615.578138836,7.3,0
1784250615.638660166,8.5,0
1784250615.700703246,7.8,0
1784250615.761741732,8.0,0
1784250615.822963291,9.0,0
1784250615.885122435,10.7,0
1784250615.949130189,9.3,0
1784250616.011613018,10.1,0
1784250616.075014063,9.2,0
1784250616.137474058,8.9,0
1784250616.199562606,11.2,0
1784250616.264166754,10.5,0
1784250616.328329089,8.2,0
1784250616.389750848,10.0,0
1784250616.453057732,9.9,0
1784250616.516212668,10.3,0
1784250616.579643978,10.1,0
1784250616.643023370,8.8,0
1784250616.705128454,9.9,0
1784250616.768282048,11.1,0
1784250616.832546767,7.8,0
1784250616.893559523,7.5,0
1784250616.954722615,8.1,0
1784250617.016269251,7.1,0
1784250617.076544552,8.1,0
1784250617.137894614,7.3,0
1784250617.198417456,7.6,0
1784250617.259209181,7.6,0
1784250617.320118152,7.6,0
1784250617.380799692,6.7,0
1784250617.440627002,7.2,0
1784250617.500994592,10.6,0
1784250617.564857399,7.6,0
1784250617.625665799,7.5,0
1784250617.686328501,7.9,0
1784250617.747347476,7.9,0
1784250617.808492851,7.7,0
1784250617.869332398,7.3,0
1784250617.929892466,9.4,0
1784250617.992613362,7.3,0
1784250618.053147681,8.7,0
1784250618.115140726,8.3,0
1784250618.176909255,9.9,0
1784250618.240135037,7.3,0
1784250618.300632171,9.5,0
1784250618.363308640,8.1,0
1784250618.424773864,9.6,0
1784250618.487581800,7.9,0
1784250618.548669368,12.6,0
1784250618.614799942,7.6,0
1784250618.675728292,9.0,0
1784250618.738052974,7.5,0
1784250618.798662146,9.4,0
1784250618.861305635,7.4,0
1784250618.921882609,7.3,0
1784250618.982466472,7.5,0
1784250619.043119089,7.3,0
1784250619.103543143,7.6,0
1784250619.164519074,9.7,0
1784250619.227529012,7.5,0
1784250619.288200608,7.5,0
1784250619.348982017,7.7,0
1784250619.409881453,7.7,0
1784250619.470899397,7.6,0
1784250619.531756981,7.3,0
1784250619.592317139,7.1,0
1784250619.652708113,7.2,0
1784250619.713064296,7.4,0
1784250619.773688009,7.5,0
1784250619.834608066,7.3,0
1784250619.895023538,10.1,0
1784250619.958615368,7.3,0
1784250620.018983218,8.0,0
1784250620.080096394,7.3,0
1784250620.140647138,7.4,0
1784250620.201646124,7.3,0
1784250620.262151470,7.4,0
1784250620.322876825,10.7,0
1784250620.386849075,7.7,0
1784250620.447665537,9.9,0
1784250620.511029486,7.2,0
1784250620.571355213,10.5,0
1784250620.635481194,7.6,0
1784250620.696377605,10.7,0
1784250620.760169305,7.6,0
1784250620.821381590,9.1,0
1784250620.883586633,7.7,0
1784250620.944593279,9.6,0
1784250621.007488566,7.8,0
1784250621.068399940,9.6,0
1784250621.131249949,7.5,0
1784250621.191944238,8.0,0
1784250621.253292196,7.9,0
1784250621.315033754,8.4,0
1784250621.376743945,8.0,0
1784250621.438007577,7.8,0
1784250621.498992191,7.3,0
1784250621.559691577,9.7,0
1784250621.622903999,8.2,0
1784250621.684229984,7.5,0
1784250621.745497732,8.6,0
1784250621.807156176,6.9,0
1784250621.868096894,7.8,0
1784250621.928958974,8.2,0
1784250621.990393222,7.6,0
1784250622.051236003,7.5,0
1784250622.112291803,8.2,0
1784250622.173720622,7.2,0
1784250622.234020861,7.9,0
1784250622.295171944,7.8,0
1784250622.356418150,7.1,0
1784250622.416700982,9.0,0
1784250622.478989339,7.3,0
1784250622.539544059,7.9,0
1784250622.600753750,7.8,0
1784250622.662080086,7.5,0
1784250622.722777089,7.4,0
1784250622.783360250,7.4,0
1784250622.843979928,9.2,0
1784250622.906522716,7.5,0
1784250622.967441341,11.5,0
1784250623.032372418,7.7,0
1784250623.093247718,10.8,0
1784250623.157300028,35.2,0
1784250623.245726117,56.3,0
1784250623.355114604,52.6,0
1784250623.461224329,51.1,0
1784250623.565600337,78.8,0
1784250623.697908926,9.5,0
1784250623.761173906,22.8,0
1784250623.837160647,23.1,0
1784250623.913335430,22.5,0
1784250623.989129834,20.6,0
1784250624.063073985,22.2,0
1784250624.138526346,116.2,0
1784250624.307645848,7.6,0
1784250624.367873337,7.5,0
1784250624.427964062,8.2,0
1784250624.488762937,8.4,0
1784250624.549859618,8.0,0
1784250624.610546887,7.1,0
1784250624.670287947,7.6,0
1784250624.730449387,8.8,0
1784250624.791884376,8.4,0
1784250624.852965554,7.1,0
1784250624.912714506,7.8,0
1784250624.973616616,8.5,0
1784250625.035702790,9.2,0
1784250625.098186770,8.5,0
1784250625.159882729,8.2,0
1784250625.221351358,8.1,0
1784250625.283092445,8.9,0
1784250625.345399370,7.9,0
1784250625.406190514,7.6,0
1784250625.467006615,7.8,0
1784250625.528388714,7.3,0
1784250625.589162832,8.1,0
1784250625.650607094,7.8,0
1784250625.711927250,9.7,0
1784250625.775011229,7.7,0
1784250625.836036974,11.0,0
1784250625.900211818,7.3,0
1784250625.960802311,8.3,0
1784250626.022284800,7.2,0
1784250626.082776014,9.3,0
1784250626.144983820,8.0,0
1784250626.206113000,9.9,0
1784250626.269377410,7.3,0
1784250626.329991047,7.2,0
1784250626.390491846,8.2,0
1784250626.451902688,8.1,0
1784250626.513127091,9.1,0
1784250626.575570119,9.7,0
1784250626.638435600,10.4,0
1784250626.702096013,9.7,0
1784250626.765157218,9.0,0
1784250626.827518264,9.4,0
1784250626.890694721,9.4,0
1784250626.953695215,11.4,0
1784250627.018491780,8.7,0
1784250627.080172967,9.3,0
1784250627.143065108,9.8,0
1784250627.205914325,10.4,0
1784250627.269529420,10.2,0
1784250627.332924265,9.4,0
1784250627.395986681,8.6,0
1784250627.457867908,11.1,0
1784250627.522345475,8.0,0
1784250627.583515426,10.6,0
1784250627.647337711,8.6,0
1784250627.709034912,7.0,0
1784250627.769605775,7.3,0
1784250627.830093214,7.7,0
1784250627.891124968,7.8,0
1784250627.952124253,7.1,0
1784250628.012397761,7.2,0
1784250628.073042525,8.1,0
1784250628.134437623,7.5,0
1784250628.195184340,10.1,0
1784250628.258700626,7.5,0
1784250628.319695365,11.0,0
1784250628.384098120,7.8,0
1784250628.445242312,7.8,0
1784250628.506155979,8.1,0
1784250628.567476696,7.0,0
1784250628.627931916,7.2,0
1784250628.688636860,7.3,0
1784250628.749247874,7.2,0
1784250628.809643835,7.2,0
1784250628.870043572,7.1,0
1784250628.930157751,7.7,0
1784250628.990970757,7.7,0
1784250629.051966417,7.1,0
1784250629.112369018,9.6,0
1784250629.175306297,7.8,0
1784250629.236339563,9.6,0
1784250629.298943933,7.5,0
1784250629.359810229,11.0,0
1784250629.423901366,8.0,0
1784250629.485229535,9.3,0
1784250629.547883409,8.2,0
1784250629.609514570,9.3,0
1784250629.672114464,7.3,0
1784250629.733028271,7.5,0
1784250629.794596549,10.2,0
1784250629.858059616,7.8,0
1784250629.919181464,7.4,0
1784250629.980008782,8.6,0
1784250630.042031701,9.3,0
1784250630.105006656,10.4,0
1784250630.168715020,7.9,0
1784250630.229731801,7.5,0
1784250630.290358258,7.6,0
1784250630.351110653,7.6,0
1784250630.411875547,7.3,0
1784250630.472437036,7.4,0
1784250630.533364193,7.3,0
1784250630.593894746,7.3,0
1784250630.654365129,7.4,0
1784250630.715106757,10.7,0
1784250630.779364965,7.4,0
1784250630.840164551,7.8,0
1784250630.901525788,7.7,0
1784250630.962512675,7.4,0
1784250631.023384920,7.7,0
1784250631.084389853,7.6,0
1784250631.145086625,7.3,0
1784250631.205604369,7.6,0
1784250631.266331366,7.2,0
1784250631.326790832,7.7,0
1784250631.387706592,7.7,0
1784250631.448590264,7.9,0
1784250631.510026413,7.3,0
1784250631.570709444,7.3,0
1784250631.631219196,8.1,0
1784250631.692386923,7.9,0
1784250631.753682172,8.2,0
1784250631.815287064,9.0,0
1784250631.877593788,9.7,0
1784250631.940876454,8.9,0
1784250632.003727544,10.8,0
1784250632.067740594,7.8,0
1784250632.128791136,10.5,0
1784250632.192527632,9.3,0
1784250632.255425702,10.4,0
1784250632.319050721,8.3,0
1784250632.380916014,12.2,0
1784250632.446077995,7.8,0
1784250632.508067824,9.5,0
1784250632.570642700,8.2,0
1784250632.632564267,11.5,0
1784250632.697457917,7.9,0
1784250632.758525494,7.6,0
1784250632.819367323,7.3,0
1784250632.879963634,9.9,0
1784250632.943196575,7.8,0
1784250633.004108510,7.5,0
1784250633.064765592,9.8,0
1784250633.127701438,7.9,0
1784250633.189037618,11.8,0
1784250633.254252969,7.4,0
1784250633.315119566,7.7,0
1784250633.376310498,7.4,0
1784250633.437022292,8.2,0
1784250633.498628766,7.6,0
1784250633.559481862,7.5,0
1784250633.620199425,7.6,0
1784250633.681130828,7.5,0
1784250633.741828190,8.1,0
1784250633.803157109,8.5,0
1784250633.865142181,7.2,0
1784250633.925880705,7.4,0
1784250633.986477317,7.4,0
1784250634.047226226,7.6,0
1784250634.107886433,7.3,0
1784250634.168496955,7.5,0
1784250634.229467728,7.4,0
1784250634.290033212,8.2,0
1784250634.351439126,7.7,0
1784250634.412277540,7.6,0
1784250634.473040601,7.9,0
1784250634.534133316,9.8,0
1784250634.597044235,8.0,0
1784250634.658309117,9.0,0
1784250634.720582221,7.5,0
1784250634.781266173,9.8,0
1784250634.844627867,7.7,0
1784250634.905881343,9.2,0
1784250634.968529138,7.9,0
1784250635.029950104,9.7,0
1784250635.093146471,7.5,0
1784250635.153903833,7.7,0
1784250635.214940904,7.5,0
1784250635.275925317,9.8,0
1784250635.339020502,7.6,0
1784250635.399683312,7.3,0
1784250635.460045202,8.2,0
1784250635.521553709,7.2,0
1784250635.582054297,7.3,0
1784250635.642742976,7.7,0
1784250635.703841560,7.4,0
1784250635.764593864,7.4,0
1784250635.825126690,7.6,0
1784250635.885968599,8.2,0
1784250635.947464468,7.5,0
1784250636.008248050,7.5,0
1784250636.068925592,7.0,0
1784250636.129139850,7.4,0
1784250636.189692646,7.1,0
1784250636.250011882,7.4,0
1784250636.310522965,7.3,0
1784250636.371205515,6.9,0
1784250636.431247946,8.2,0
1784250636.492630535,7.9,0
1784250636.554001446,9.5,0
1784250636.616895369,7.4,0
1784250636.677500083,9.2,0
1784250636.740129120,7.8,0
1784250636.800986461,8.5,0
1784250636.862477002,8.1,0
1784250636.924164287,11.2,0
1784250636.988814652,7.7,0
1784250637.049802520,8.5,0
1784250637.111482865,7.5,0
1784250637.172214668,10.4,0
1784250637.235967068,7.6,0
1784250637.296756729,7.2,0
1784250637.357185638,7.6,0
1784250637.418421017,10.1,0
1784250637.481781549,7.1,0
1784250637.542602897,7.6,0
1784250637.603315101,8.1,0
1784250637.664551721,7.2,0
1784250637.724960922,8.0,0
1784250637.786289480,7.3,0
1784250637.846952661,7.6,0
1784250637.908244274,7.4,0
1784250637.969109517,7.8,0
1784250638.030174300,7.4,0
1784250638.091035778,7.3,0
1784250638.151571978,7.7,0
1784250638.212466085,7.9,0
1784250638.273648274,8.3,0
1784250638.335123511,8.0,0
1784250638.396262335,7.9,0
1784250638.457601819,8.3,0
1784250638.519290406,7.7,0
1784250638.580395189,8.4,0
1784250638.642193520,8.3,0
1784250638.703963029,7.2,0
1784250638.764395014,6.9,0
1784250638.825122460,8.1,0
1784250638.886565670,7.4,0
1784250638.947114169,11.6,0
1784250639.012292265,7.6,0
1784250639.073063758,7.8,0
1784250639.133948520,8.4,0
1784250639.195736096,11.4,0
1784250639.260366070,7.4,0
1784250639.321114799,10.6,0
1784250639.384980859,7.3,0
1784250639.445560675,10.1,0
1784250639.509112734,7.7,0
1784250639.569890106,9.8,0
1784250639.632700414,7.8,0
1784250639.693747169,9.2,0
1784250639.756226261,8.0,0
1784250639.817574538,11.4,0
1784250639.882006816,8.9,0
1784250639.944353108,11.3,0
1784250640.008961741,7.8,0
1784250640.070151670,10.8,0
1784250640.134362166,9.9,0
1784250640.197374557,9.8,0
1784250640.260362230,9.0,0
1784250640.322949113,10.2,0
1784250640.386527021,7.6,0
1784250640.447117222,7.2,0
1784250640.507403278,7.2,0
1784250640.568149042,7.7,0
1784250640.629189488,7.6,0
1784250640.689936885,7.6,0
1784250640.750974056,9.8,0
1784250640.814024654,7.3,0
1784250640.874445562,7.7,0
1784250640.935565036,8.0,0
1784250640.996806764,7.5,0
1784250641.057542002,7.9,0
1784250641.118684000,7.1,0
1784250641.179210897,10.0,0
1784250641.242569336,7.1,0
1784250641.303116182,7.4,0
1784250641.363639163,7.4,0
1784250641.424637936,7.3,0
1784250641.485143010,7.2,0
1784250641.545533892,7.4,0
1784250641.606125055,7.0,0
1784250641.666371301,7.1,0
1784250641.726764518,7.8,0
1784250641.787963411,7.0,0
1784250641.848158350,7.3,0
1784250641.908764134,6.9,0
1784250641.968967837,9.5,0
1784250642.031894529,7.8,0
1784250642.092805130,8.6,0
1784250642.154544873,7.0,0
1784250642.214766152,8.1,0
1784250642.276159386,8.3,0
1784250642.337598399,11.1,0
1784250642.402274122,8.2,0
1784250642.463939865,10.5,0
1784250642.527912794,8.4,0
1784250642.589824656,10.6,0
1784250642.653851686,8.6,0
1784250642.715694504,11.2,0
1784250642.780413241,8.5,0
1784250642.842125623,10.1,0
1784250642.905415329,9.0,0
1784250642.967708111,10.1,0
1784250643.031248763,10.0,0
1784250643.094327623,10.8,0
1784250643.158201044,9.3,0
1784250643.220694316,10.3,0
1784250643.284238523,9.5,0
1784250643.346926217,8.6,0
1784250643.408684158,10.0,0
1784250643.471869457,10.1,0
1784250643.535202848,10.4,0
1784250643.598919514,10.2,0
1784250643.662482990,8.5,0
1784250643.724112768,9.7,0
1784250643.786980021,10.8,0
1784250643.851349575,9.6,0
1784250643.914271169,8.2,0
1784250643.975829541,7.7,0
1784250644.037177928,7.4,0
1784250644.097682440,10.0,0
1784250644.160819828,7.1,0
1784250644.221591241,7.3,0
1784250644.282071627,8.0,0
1784250644.343481136,7.1,0
1784250644.403780081,12.5,0
1784250644.469396683,7.4,0
1784250644.530286172,11.1,0
1784250644.595039160,7.6,0
1784250644.655788389,7.5,0
1784250644.716663117,7.5,0
1784250644.777506928,7.6,0
1784250644.838460103,7.5,0
1784250644.899233578,7.7,0
1784250644.960293203,9.2,0
1784250645.022671082,7.8,0
1784250645.083755263,7.8,0
1784250645.145013635,7.3,0
1784250645.205421633,54.5,0
1784250645.313144803,98.6,0
1784250645.464973614,75.3,0
1784250645.593542206,40.7,0
1784250645.687376045,53.9,0
1784250645.794896491,8.9,0
1784250645.857201761,24.7,0
1784250645.935142999,22.9,0
1784250646.011253494,23.5,0
1784250646.087899060,12.7,0
1784250646.153807840,22.1,0
1784250646.229215501,7.8,0
1784250646.290268045,106.9,0
1784250646.450306267,10.2,0
1784250646.513450424,8.9,0
1784250646.575400483,7.5,0
1784250646.635813898,7.8,0
1784250646.696539592,10.0,0
1784250646.759922127,11.7,0
1784250646.825027863,9.7,0
1784250646.887552392,11.5,0
1784250646.951718251,9.2,0
1784250647.013448379,6.8,0
1784250647.072937010,8.4,0
1784250647.134728911,8.6,0
1784250647.197199069,7.8,0
1784250647.258077532,8.7,0
1784250647.320242181,8.6,0
1784250647.382296035,10.6,0
1784250647.446253611,8.0,0
1784250647.507431973,7.7,0
1784250647.568301803,7.7,0
1784250647.629349389,10.9,0
1784250647.693581176,7.6,0
1784250647.754388332,7.4,0
1784250647.815116720,7.1,0
1784250647.875363787,7.0,0
1784250647.935500859,8.0,0
1784250647.996912250,8.0,0
1784250648.058140196,10.2,0
1784250648.121638854,7.7,0
1784250648.182329916,8.3,0
1784250648.244263670,7.2,0
1784250648.304615514,7.7,0
1784250648.365563440,7.1,0
1784250648.426223285,8.9,0
1784250648.488279082,7.4,0
1784250648.548893229,10.2,0
1784250648.612288643,7.2,0
1784250648.672614167,7.3,0
1784250648.733088153,9.6,0
1784250648.796156177,7.6,0
1784250648.856973598,7.1,0
1784250648.917409437,7.2,0
1784250648.978097565,8.1,0
1784250649.039591660,7.6,0
1784250649.100342982,7.4,0
1784250649.160982166,7.2,0
1784250649.221383594,7.3,0
1784250649.282223298,7.6,0
1784250649.343061050,7.4,0
1784250649.403717219,7.3,0
1784250649.464206318,7.4,0
1784250649.524723780,10.7,0
1784250649.588729859,7.4,0
1784250649.649225568,9.2,0
1784250649.711967753,7.3,0
1784250649.772588519,7.2,0
1784250649.833071810,7.5,0
1784250649.893993077,7.7,0
1784250649.954993782,7.9,0
1784250650.016343641,7.6,0
1784250650.077346250,8.7,0
1784250650.139535346,8.0,0
1784250650.200829611,7.9,0
1784250650.261986020,7.9,0
1784250650.323090822,11.7,0
1784250650.388273032,8.1,0
1784250650.449505335,10.5,0
1784250650.513245085,8.0,0
1784250650.574543406,11.4,0
1784250650.639476524,8.0,0
1784250650.700828776,9.4,0
1784250650.763610260,7.7,0
1784250650.824643484,11.5,0
1784250650.889479677,7.4,0
1784250650.949996587,11.4,0
1784250651.014617717,7.5,0
1784250651.075526175,9.0,0
1784250651.138021840,7.4,0
1784250651.198766161,11.9,0
1784250651.263894962,7.7,0
1784250651.324981526,7.9,0
1784250651.385859718,7.3,0
1784250651.446388036,7.3,0
1784250651.507453709,8.4,0
1784250651.569430637,7.4,0
1784250651.630257272,7.2,0
1784250651.690920452,7.4,0
1784250651.751749741,8.6,0
1784250651.813532207,7.7,0
1784250651.874410650,7.7,0
1784250651.935285237,7.2,0
1784250651.995615458,7.4,0
1784250652.056584636,7.6,0
1784250652.117585351,8.5,0
1784250652.179195500,7.3,0
1784250652.239646542,7.3,0
1784250652.300098185,8.6,0
1784250652.362054552,7.7,0
1784250652.423132934,7.7,0
1784250652.484248161,7.9,0
1784250652.545425802,11.1,0
1784250652.609799241,7.3,0
1784250652.670558264,7.5,0
1784250652.731272761,7.4,0
1784250652.791867228,7.3,0
1784250652.852371139,7.8,0
1784250652.913565114,7.3,0
1784250652.974016506,9.8,0
1784250653.036989967,7.3,0
1784250653.097634680,9.5,0
1784250653.160143995,8.9,0
1784250653.222152410,9.5,0
1784250653.284795837,7.2,0
1784250653.345506458,10.2,0
1784250653.408725146,7.6,0
1784250653.469403969,8.6,0
1784250653.531487457,7.2,0
1784250653.591912240,10.4,0
1784250653.655502305,7.6,0
1784250653.716342199,7.1,0
1784250653.776623968,7.3,0
1784250653.837228529,7.4,0
1784250653.897945159,7.5,0
1784250653.958642781,7.6,0
1784250654.019582635,7.4,0
1784250654.080097242,7.4,0
1784250654.140695474,7.4,0
1784250654.201302199,7.4,0
1784250654.262374021,7.6,0
1784250654.323180956,8.3,0
1784250654.384718366,7.3,0
1784250654.445722446,7.7,0
1784250654.506569561,7.4,0
1784250654.567260843,8.3,0
1784250654.628908037,7.9,0
1784250654.690277134,8.3,0
1784250654.751699061,7.6,0
1784250654.812674488,7.5,0
1784250654.873510357,8.2,0
1784250654.935204080,8.2,0
1784250654.996525146,7.5,0
1784250655.057297339,8.0,0
1784250655.118745144,10.6,0
1784250655.182641838,7.9,0
1784250655.244411405,9.3,0
1784250655.307174271,8.0,0
1784250655.368433073,11.6,0
1784250655.433184347,8.0,0
1784250655.494532904,11.6,0
1784250655.559360563,8.1,0
1784250655.620644162,11.7,0
1784250655.685558912,7.8,0
1784250655.746873407,8.9,0
1784250655.808975442,7.4,0
1784250655.869388317,9.2,0
1784250655.931799886,7.4,0
1784250655.992325439,7.9,0
1784250656.053302980,7.2,0
1784250656.113690326,9.9,0
1784250656.176836085,7.5,0
1784250656.237374578,7.9,0
1784250656.298324877,7.1,0
1784250656.359072363,7.7,0
1784250656.420232587,8.8,0
1784250656.482165159,7.5,0
1784250656.542878884,7.8,0
1784250656.603939649,7.6,0
1784250656.664644541,7.2,0
1784250656.725361491,7.4,0
1784250656.786010259,7.1,0
1784250656.846348632,6.9,0
1784250656.906482088,7.2,0
1784250656.966837717,7.2,0
1784250657.027707416,7.3,0
1784250657.088509213,8.0,0
1784250657.149941544,7.2,0
1784250657.210586326,8.2,0
1784250657.272107902,7.7,0
1784250657.333415046,6.9,0
1784250657.393661521,7.5,0
1784250657.454338261,7.6,0
1784250657.515236483,7.5,0
1784250657.575889186,7.0,0
1784250657.636519426,11.7,0
1784250657.701297501,7.8,0
1784250657.762316804,7.8,0
1784250657.823397128,7.9,0
1784250657.884562180,8.8,0
1784250657.946542262,8.5,0
1784250658.008463787,11.1,0
1784250658.072778998,7.6,0
1784250658.133686673,10.9,0
1784250658.198021284,7.7,0
1784250658.259171413,9.4,0
1784250658.322175369,7.4,0
1784250658.382924768,9.9,0
1784250658.446182945,7.3,0
1784250658.506798954,7.3,0
1784250658.567376204,8.1,0
1784250658.628590559,7.9,0
1784250658.689609251,9.5,0
1784250658.752434410,7.9,0
1784250658.813403117,9.4,0
1784250658.876060865,7.2,0
1784250658.936533508,7.7,0
1784250658.997238190,8.5,0
1784250659.059270921,8.2,0
1784250659.120660719,8.4,0
1784250659.182273982,8.4,0
1784250659.243952402,8.3,0
1784250659.305573928,8.3,0
1784250659.366997977,8.0,0
1784250659.428474955,8.7,0
1784250659.490539244,7.8,0
1784250659.551741281,7.4,0
1784250659.612472502,7.0,0
1784250659.672753028,7.7,0
1784250659.733579872,10.1,0
1784250659.796903858,7.6,0
1784250659.857769020,11.9,0
1784250659.922868606,7.5,0
1784250659.983542501,8.3,0
1784250660.045021623,7.7,0
1784250660.106185132,10.0,0
1784250660.169795206,7.8,0
1784250660.230747669,7.5,0
1784250660.291510988,7.4,0
1784250660.352117042,7.0,0
1784250660.412328834,8.8,0
1784250660.474426383,7.2,0
1784250660.534994309,11.9,0
1784250660.600169619,7.4,0
1784250660.660815792,9.7,0
1784250660.723609634,8.7,0
1784250660.785807042,9.3,0
1784250660.848326622,7.7,0
1784250660.909396431,10.4,0
1784250660.973237191,6.8,0
1784250661.033452850,9.2,0
1784250661.095719231,8.2,0
1784250661.157130220,9.5,0
1784250661.219608559,8.2,0
1784250661.281324856,9.7,0
1784250661.344141512,8.0,0
1784250661.405787513,7.3,0
1784250661.466084443,8.0,0
1784250661.527303235,8.4,0
1784250661.589176297,8.5,0
1784250661.650929980,8.0,0
1784250661.712420739,9.7,0
1784250661.775419908,8.2,0
1784250661.837113471,10.8,0
1784250661.901104606,8.8,0
1784250661.963603386,10.7,0
1784250662.027663894,7.7,0
1784250662.088705130,10.5,0
1784250662.152679420,8.4,0
1784250662.214407665,12.0,0
1784250662.279966429,7.8,0
1784250662.341132201,10.1,0
1784250662.404463267,8.0,0
1784250662.465660446,8.0,0
1784250662.526853589,8.4,0
1784250662.588717687,8.5,0
1784250662.650370028,8.4,0
1784250662.712237031,8.3,0
1784250662.774022812,7.8,0
1784250662.835151379,8.1,0
1784250662.896595778,7.7,0
1784250662.957822181,7.7,0
1784250663.018783316,7.4,0
1784250663.079473346,8.1,0
1784250663.140614321,8.3,0
1784250663.202372120,8.6,0
1784250663.264530709,8.9,0
1784250663.326754696,7.9,0
1784250663.388139507,13.1,0
1784250663.454483957,7.6,0
1784250663.515193867,9.9,0
1784250663.578443290,7.9,0
1784250663.639541051,7.7,0
1784250663.700670208,7.6,0
1784250663.761618714,9.5,0
1784250663.824389290,7.5,0
1784250663.885124808,7.2,0
1784250663.946032042,8.0,0
1784250664.007193168,7.2,0
1784250664.067711049,9.9,0
1784250664.130800052,8.5,0
1784250664.192630049,11.5,0
1784250664.257592640,7.9,0
1784250664.318868887,8.7,0
1784250664.380840757,7.8,0
1784250664.442119768,8.8,0
1784250664.504389945,7.4,0
1784250664.565168767,11.6,0
1784250664.630000802,7.5,0
1784250664.690616149,11.0,0
1784250664.754852361,7.4,0
1784250664.816236791,8.9,0
1784250664.878191925,8.1,0
1784250664.939695333,11.2,0
1784250665.004292186,8.2,0
1784250665.066221271,7.9,0
1784250665.127399201,8.2,0
1784250665.189266224,11.6,0
1784250665.254291598,8.7,0
1784250665.316423988,10.1,0
1784250665.379855565,8.0,0
1784250665.441071842,8.0,0
1784250665.502171185,7.8,0
1784250665.563168094,7.9,0
1784250665.624600345,8.4,0
1784250665.686417693,8.0,0
1784250665.747650726,7.8,0
1784250665.808878590,8.4,0
1784250665.870598853,10.0,0
1784250665.933821446,7.4,0
1784250665.994474260,7.8,0
1784250666.055729946,8.3,0
1784250666.117536167,8.6,0
1784250666.179186936,8.1,0
1784250666.240891595,7.7,0
1784250666.302205889,7.9,0
1784250666.363566202,7.4,0
1784250666.424232196,7.2,0
1784250666.485136726,7.6,0
1784250666.546014106,7.3,0
1784250666.606526338,7.2,0
1784250666.666871120,9.5,0
1784250666.729607124,7.3,0
1784250666.790387078,7.4,0
1784250666.851304548,7.8,0
1784250666.912435497,8.2,0
1784250666.973933847,8.0,0
1784250667.035280250,8.1,0
1784250667.096685460,9.2,0
1784250667.159404058,7.6,0
1784250667.220259735,9.0,0
1784250667.282601249,8.0,0
1784250667.343681081,7.8,0
