ts_unix,elapsed_sec,pe1_rss_mb,pe2_rss_mb,pe1_installed_routes,pe1_observed_routes,bgp_established,tenant_present,churn_cycles
1778536296,120,11.6992,22.69,1,1,1,1,0
1778536358,182,11.6992,22.61,1,0,1,0,0
1778536419,243,12.1875,22.44,1,1,1,1,1
1778536480,304,13.3633,22.46,1,0,1,0,1
1778536542,366,13.3633,22.53,1,1,1,1,2
1778536603,427,13.3633,22.64,1,0,1,0,2
1778536664,488,13.3633,22.57,1,1,1,1,3
1778536726,550,13.3633,22.55,1,0,1,0,3
1778536787,611,13.3633,22.68,1,1,1,1,4
1778536849,673,13.3633,22.62,1,0,1,0,4
1778536910,734,13.3633,22.5,1,1,1,1,5
1778536971,795,13.3633,22.61,1,0,1,0,5
1778537033,857,13.3633,22.5,1,1,1,1,6
1778537094,918,13.3633,22.48,1,0,1,0,6
1778537155,979,13.3633,22.5,1,1,1,1,7
1778537217,1041,13.3633,22.63,1,0,1,0,7
1778537278,1102,13.3633,22.61,1,1,1,1,8
1778537339,1163,13.3633,22.5,1,0,1,0,8
1778537401,1225,13.3633,22.61,1,1,1,1,9
1778537462,1286,13.3633,22.53,1,0,1,0,9
1778537523,1347,13.3633,22.69,1,1,1,1,10
1778537585,1409,13.3633,22.47,1,0,1,0,10
1778537646,1470,13.3633,22.66,1,1,1,1,11
1778537707,1531,13.3633,22.61,1,0,1,0,11
1778537769,1593,13.3633,22.55,1,1,1,1,12
1778537830,1654,13.3633,22.57,1,0,1,0,12
1778537891,1715,13.3633,22.5,1,1,1,1,13
1778537953,1777,13.3633,22.58,1,0,1,0,13
1778538014,1838,13.3633,22.5,1,1,1,1,14
1778538075,1899,13.3633,22.49,1,0,1,0,14
1778538137,1961,13.3633,22.61,1,1,1,1,15
1778538198,2022,13.3633,22.51,1,0,1,0,15
1778538259,2083,13.3633,22.51,1,1,1,1,16
1778538321,2145,13.3633,22.68,1,0,1,0,16
1778538382,2206,13.3633,22.69,1,1,1,1,17
1778538443,2267,13.3633,22.54,1,0,1,0,17
1778538505,2329,13.3633,22.51,1,1,1,1,18
1778538566,2390,13.3633,22.51,1,0,1,0,18
1778538627,2451,13.3633,22.6,1,1,1,1,19
1778538689,2513,13.3633,22.54,1,0,1,0,19
1778538750,2574,13.3633,22.5,1,1,1,1,20
1778538811,2635,13.3633,22.64,1,0,1,0,20
1778538873,2697,13.3633,22.5,1,1,1,1,21
1778538934,2758,13.3633,22.49,1,0,1,0,21
1778538995,2819,13.3633,22.49,1,1,1,1,22
1778539057,2881,13.3633,22.59,1,0,1,0,22
1778539118,2942,13.3633,22.5,1,1,1,1,23
1778539179,3003,13.3633,22.49,1,0,1,0,23
1778539241,3065,13.3633,22.62,1,1,1,1,24
1778539302,3126,13.3633,22.5,1,0,1,0,24
1778539363,3187,13.3633,22.54,1,1,1,1,25
1778539425,3249,13.3633,22.62,1,0,1,0,25
1778539486,3310,13.3633,22.5,1,1,1,1,26
1778539548,3372,13.3633,22.71,1,0,1,0,26
1778539609,3433,13.3633,22.54,1,1,1,1,27
1778539670,3494,13.3633,22.64,1,0,1,0,27
1778539732,3556,13.3633,22.63,1,1,1,1,28
1778539793,3617,13.3633,22.63,1,0,1,0,28
1778539854,3678,13.3633,22.49,1,1,1,1,29
1778539916,3740,13.3633,22.79,1,0,1,0,29
1778539977,3801,13.3633,22.51,1,1,1,1,30
1778540039,3863,13.3633,22.53,1,0,1,0,30
1778540100,3924,13.3633,22.5,1,1,1,1,31
1778540161,3985,13.3633,22.48,1,0,1,0,31
1778540223,4047,13.3633,22.62,1,1,1,1,32
1778540284,4108,13.3633,22.52,1,0,1,0,32
1778540345,4169,13.3633,22.56,1,1,1,1,33
1778540407,4231,13.3633,22.66,1,0,1,0,33
1778540468,4292,13.3633,22.59,1,1,1,1,34
1778540529,4353,13.3633,22.5,1,0,1,0,34
1778540591,4415,13.3633,22.61,1,1,1,1,35
1778540652,4476,13.3633,22.63,1,0,1,0,35
1778540713,4537,13.3633,22.54,1,1,1,1,36
1778540775,4599,13.3633,22.61,1,0,1,0,36
1778540836,4660,13.3633,22.64,1,1,1,1,37
1778540897,4721,13.3633,22.61,1,0,1,0,37
1778540959,4783,13.3633,22.66,1,1,1,1,38
1778541020,4844,13.3633,22.55,1,0,1,0,38
1778541081,4905,13.3633,22.6,1,1,1,1,39
1778541143,4967,13.3633,22.52,1,0,1,0,39
1778541204,5028,13.3633,22.77,1,1,1,1,40
1778541265,5089,13.3633,22.68,1,0,1,0,40
1778541327,5151,13.3633,22.64,1,1,1,1,41
1778541388,5212,13.3633,22.5,1,0,1,0,41
1778541449,5273,13.3633,22.55,1,1,1,1,42
1778541511,5335,13.3633,22.53,1,0,1,0,42
1778541572,5396,13.3633,22.47,1,1,1,1,43
1778541634,5458,13.3633,22.5,1,0,1,0,43
1778541695,5519,13.3633,22.5,1,1,1,1,44
1778541756,5580,13.3633,22.49,1,0,1,0,44
1778541818,5642,13.3633,22.61,1,1,1,1,45
1778541879,5703,13.3633,22.63,1,0,1,0,45
1778541940,5764,13.3633,22.5,1,1,1,1,46
1778542002,5826,13.3633,22.61,1,0,1,0,46
1778542063,5887,13.3633,22.5,1,1,1,1,47
1778542124,5948,13.3633,22.6,1,0,1,0,47
1778542186,6010,13.3633,22.54,1,1,1,1,48
1778542247,6071,13.3633,22.52,1,0,1,0,48
1778542308,6132,13.3633,22.52,1,1,1,1,49
1778542370,6194,13.3633,22.55,1,0,1,0,49
1778542431,6255,13.3633,22.64,1,1,1,1,50
1778542493,6317,13.3633,22.56,1,0,1,0,50
1778542554,6378,13.3633,22.49,1,1,1,1,51
1778542615,6439,13.3633,22.5,1,0,1,0,51
1778542677,6501,13.3633,22.62,1,1,1,1,52
1778542738,6562,13.3633,22.5,1,0,1,0,52
1778542799,6623,13.3633,22.49,1,1,1,1,53
1778542861,6685,13.3633,22.49,1,0,1,0,53
1778542922,6746,13.3633,22.55,1,1,1,1,54
1778542983,6807,13.3633,22.54,1,0,1,0,54
1778543045,6869,13.3633,22.53,1,1,1,1,55
1778543106,6930,13.3633,22.53,1,0,1,0,55
1778543167,6991,13.3633,22.58,1,1,1,1,56
1778543229,7053,13.3633,22.62,1,0,1,0,56
1778543290,7114,13.3633,22.48,1,1,1,1,57
1778543351,7175,13.3633,22.59,1,0,1,0,57
1778543413,7237,13.3633,22.54,1,1,1,1,58
1778543474,7298,13.3633,22.52,1,0,1,0,58
1778543536,7360,13.3633,22.57,1,1,1,1,59
1778543597,7421,13.3633,22.52,1,0,1,0,59
1778543658,7482,13.3633,22.62,1,1,1,1,60
1778543720,7544,13.3633,22.53,1,0,1,0,60
1778543781,7605,13.3633,22.55,1,1,1,1,61
1778543842,7666,13.793,22.65,1,0,1,0,61
1778543904,7728,13.793,22.72,1,1,1,1,62
1778543965,7789,13.793,22.64,1,0,1,0,62
1778544027,7851,13.793,22.56,1,1,1,1,63
1778544088,7912,13.793,22.66,1,0,1,0,63
1778544149,7973,13.793,22.5,1,1,1,1,64
1778544211,8035,13.793,22.53,1,0,1,0,64
1778544272,8096,13.793,22.55,1,1,1,1,65
1778544333,8157,13.793,22.52,1,0,1,0,65
1778544395,8219,13.793,22.55,1,1,1,1,66
1778544456,8280,13.793,22.55,1,0,1,0,66
1778544517,8341,13.793,22.52,1,1,1,1,67
1778544579,8403,13.793,22.54,1,0,1,0,67
1778544640,8464,13.793,22.61,1,1,1,1,68
1778544701,8525,13.793,22.59,1,0,1,0,68
1778544763,8587,13.793,22.54,1,1,1,1,69
1778544824,8648,13.793,22.59,1,0,1,0,69
1778544885,8709,13.793,22.65,1,1,1,1,70
1778544947,8771,13.793,22.5,1,0,1,0,70
1778545008,8832,13.793,22.65,1,1,1,1,71
1778545070,8894,13.793,22.54,1,0,1,0,71
1778545131,8955,13.793,22.64,1,1,1,1,72
1778545192,9016,13.793,22.51,1,0,1,0,72
1778545254,9078,13.793,22.67,1,1,1,1,73
1778545315,9139,13.793,22.67,1,0,1,0,73
1778545376,9200,13.793,22.57,1,1,1,1,74
1778545438,9262,13.793,22.48,1,0,1,0,74
1778545499,9323,13.793,22.52,1,1,1,1,75
1778545560,9384,13.793,22.7,1,0,1,0,75
1778545622,9446,13.793,22.53,1,1,1,1,76
1778545683,9507,13.793,22.62,1,0,1,0,76
1778545744,9568,13.793,22.66,1,1,1,1,77
1778545806,9630,13.793,22.61,1,0,1,0,77
1778545867,9691,13.793,22.66,1,1,1,1,78
1778545929,9753,13.793,22.54,1,0,1,0,78
1778545990,9814,13.793,22.63,1,1,1,1,79
1778546051,9875,13.793,22.51,1,0,1,0,79
1778546113,9937,13.793,22.61,1,1,1,1,80
1778546174,9998,13.793,22.5,1,0,1,0,80
1778546235,10059,13.793,22.73,1,1,1,1,81
1778546297,10121,13.793,22.52,1,0,1,0,81
1778546358,10182,13.793,22.71,1,1,1,1,82
1778546419,10243,13.793,22.5,1,0,1,0,82
1778546481,10305,13.793,22.66,1,1,1,1,83
1778546542,10366,13.793,22.68,1,0,1,0,83
1778546604,10428,13.793,22.68,1,1,1,1,84
1778546665,10489,13.793,22.54,1,0,1,0,84
1778546726,10550,13.793,22.61,1,1,1,1,85
1778546788,10612,13.793,22.55,1,0,1,0,85
1778546849,10673,13.793,22.67,1,1,1,1,86
1778546910,10734,13.793,22.54,1,0,1,0,86
1778546972,10796,13.793,22.57,1,1,1,1,87
1778547033,10857,13.793,22.52,1,0,1,0,87
1778547094,10918,13.793,22.64,1,1,1,1,88
1778547156,10980,13.793,22.64,1,0,1,0,88
1778547217,11041,13.793,22.52,1,1,1,1,89
1778547278,11102,13.793,22.68,1,0,1,0,89
1778547340,11164,13.793,22.53,1,1,1,1,90
1778547401,11225,13.793,22.72,1,0,1,0,90
1778547462,11286,13.793,22.68,1,1,1,1,91
1778547524,11348,13.793,22.55,1,0,1,0,91
1778547585,11409,13.793,22.57,1,1,1,1,92
1778547646,11470,13.793,22.77,1,0,1,0,92
1778547708,11532,13.793,22.57,1,1,1,1,93
1778547769,11593,13.793,22.53,1,0,1,0,93
1778547830,11654,13.793,22.51,1,1,1,1,94
1778547892,11716,13.793,22.5,1,0,1,0,94
1778547953,11777,13.793,22.76,1,1,1,1,95
1778548014,11838,13.793,22.57,1,0,1,0,95
1778548076,11900,13.793,22.7,1,1,1,1,96
1778548137,11961,13.793,22.54,1,0,1,0,96
1778548199,12023,13.793,22.5,1,1,1,1,97
1778548260,12084,13.793,22.58,1,0,1,0,97
1778548321,12145,13.793,22.65,1,1,1,1,98
1778548383,12207,13.793,22.53,1,0,1,0,98
1778548444,12268,13.793,22.63,1,1,1,1,99
1778548505,12329,13.793,22.52,1,0,1,0,99
1778548567,12391,13.793,22.55,1,1,1,1,100
1778548628,12452,13.793,22.64,1,0,1,0,100
1778548690,12514,13.793,22.61,1,1,1,1,101
1778548751,12575,13.793,22.67,1,0,1,0,101
1778548812,12636,13.793,22.76,1,1,1,1,102
1778548874,12698,13.793,22.68,1,0,1,0,102
1778548935,12759,13.793,22.56,1,1,1,1,103
1778548996,12820,13.793,22.54,1,0,1,0,103
1778549058,12882,13.793,22.56,1,1,1,1,104
1778549119,12943,13.793,22.68,1,0,1,0,104
1778549180,13004,13.793,22.68,1,1,1,1,105
1778549242,13066,13.793,22.52,1,0,1,0,105
1778549303,13127,13.793,22.69,1,1,1,1,106
1778549364,13188,13.793,22.7,1,0,1,0,106
1778549426,13250,13.793,22.68,1,1,1,1,107
1778549487,13311,13.793,22.57,1,0,1,0,107
1778549548,13372,13.793,22.69,1,1,1,1,108
1778549610,13434,13.793,22.55,1,0,1,0,108
1778549671,13495,13.793,22.5,1,1,1,1,109
1778549733,13557,13.793,22.66,1,0,1,0,109
1778549794,13618,13.793,22.51,1,1,1,1,110
1778549855,13679,13.793,22.55,1,0,1,0,110
1778549917,13741,13.793,22.53,1,1,1,1,111
1778549978,13802,13.793,22.52,1,0,1,0,111
1778550039,13863,13.793,22.56,1,1,1,1,112
1778550101,13925,13.793,22.66,1,0,1,0,112
1778550162,13986,13.793,22.72,1,1,1,1,113
1778550223,14047,13.793,22.69,1,0,1,0,113
1778550285,14109,13.793,22.53,1,1,1,1,114
1778550346,14170,13.793,22.51,1,0,1,0,114
1778550407,14231,13.793,22.78,1,1,1,1,115
1778550469,14293,13.793,22.57,1,0,1,0,115
1778550530,14354,13.793,22.59,1,1,1,1,116
1778550592,14416,13.793,22.59,1,0,1,0,116
1778550653,14477,13.793,22.7,1,1,1,1,117
1778550714,14538,13.793,22.62,1,0,1,0,117
1778550776,14600,13.793,22.74,1,1,1,1,118
1778550837,14661,13.793,22.54,1,0,1,0,118
1778550898,14722,13.793,22.6,1,1,1,1,119
1778550960,14784,13.793,22.52,1,0,1,0,119
1778551021,14845,13.793,22.66,1,1,1,1,120
1778551083,14907,13.793,22.51,1,0,1,0,120
1778551144,14968,13.793,22.67,1,1,1,1,121
1778551205,15029,13.793,22.55,1,0,1,0,121
1778551267,15091,13.793,22.59,1,1,1,1,122
1778551328,15152,13.793,22.56,1,0,1,0,122
1778551389,15213,13.793,22.73,1,1,1,1,123
1778551451,15275,13.793,22.73,1,0,1,0,123
1778551512,15336,13.793,22.57,1,1,1,1,124
1778551573,15397,13.793,22.63,1,0,1,0,124
1778551635,15459,13.793,22.59,1,1,1,1,125
1778551696,15520,13.793,22.52,1,0,1,0,125
1778551757,15581,13.793,22.57,1,1,1,1,126
1778551819,15643,13.793,22.63,1,0,1,0,126
1778551880,15704,13.793,22.52,1,1,1,1,127
1778551941,15765,13.793,22.57,1,0,1,0,127
1778552003,15827,13.793,22.55,1,1,1,1,128
1778552064,15888,13.793,22.71,1,0,1,0,128
1778552125,15949,13.793,22.57,1,1,1,1,129
1778552187,16011,13.793,22.66,1,0,1,0,129
1778552248,16072,13.793,22.67,1,1,1,1,130
1778552309,16133,13.793,22.59,1,0,1,0,130
1778552371,16195,13.793,22.54,1,1,1,1,131
1778552432,16256,13.793,22.53,1,0,1,0,131
1778552493,16317,13.793,22.67,1,1,1,1,132
1778552555,16379,13.793,22.67,1,0,1,0,132
1778552616,16440,13.793,22.56,1,1,1,1,133
1778552677,16501,13.793,22.74,1,0,1,0,133
1778552739,16563,13.793,22.66,1,1,1,1,134
1778552800,16624,13.793,22.6,1,0,1,0,134
1778552861,16685,13.793,22.54,1,1,1,1,135
1778552923,16747,13.793,22.55,1,0,1,0,135
1778552984,16808,13.793,22.71,1,1,1,1,136
1778553045,16869,13.793,22.5,1,0,1,0,136
1778553107,16931,13.793,22.57,1,1,1,1,137
1778553168,16992,13.793,22.58,1,0,1,0,137
1778553230,17054,13.793,22.52,1,1,1,1,138
1778553291,17115,13.793,22.56,1,0,1,0,138
1778553352,17176,13.793,22.5,1,1,1,1,139
1778553414,17238,13.793,22.59,1,0,1,0,139
1778553475,17299,13.793,22.52,1,1,1,1,140
1778553536,17360,13.793,22.53,1,0,1,0,140
1778553598,17422,13.793,22.63,1,1,1,1,141
1778553659,17483,13.793,22.59,1,0,1,0,141
1778553720,17544,13.793,22.59,1,1,1,1,142
1778553782,17606,13.793,22.57,1,0,1,0,142
1778553843,17667,13.793,22.57,1,1,1,1,143
1778553904,17728,13.793,22.68,1,0,1,0,143
1778553966,17790,13.793,22.66,1,1,1,1,144
1778554027,17851,13.793,22.66,1,0,1,0,144
1778554089,17913,13.793,22.7,1,1,1,1,145
1778554150,17974,13.793,22.54,1,0,1,0,145
1778554211,18035,13.793,22.52,1,1,1,1,146
1778554273,18097,13.793,22.6,1,0,1,0,146
1778554334,18158,13.793,22.57,1,1,1,1,147
1778554395,18219,13.793,22.72,1,0,1,0,147
1778554457,18281,13.793,22.53,1,1,1,1,148
1778554518,18342,13.793,22.67,1,0,1,0,148
1778554580,18404,13.793,22.59,1,1,1,1,149
1778554641,18465,13.793,22.72,1,0,1,0,149
1778554702,18526,13.793,22.6,1,1,1,1,150
1778554764,18588,13.793,22.6,1,0,1,0,150
1778554825,18649,13.793,22.64,1,1,1,1,151
1778554886,18710,13.793,22.66,1,0,1,0,151
1778554948,18772,13.793,22.82,1,1,1,1,152
1778555009,18833,13.793,22.55,1,0,1,0,152
1778555071,18895,13.793,22.72,1,1,1,1,153
1778555132,18956,13.793,22.57,1,0,1,0,153
1778555193,19017,13.793,22.67,1,1,1,1,154
1778555255,19079,13.793,22.54,1,0,1,0,154
1778555316,19140,13.793,22.7,1,1,1,1,155
1778555377,19201,13.793,22.61,1,0,1,0,155
1778555439,19263,13.793,22.59,1,1,1,1,156
1778555500,19324,13.793,22.69,1,0,1,0,156
1778555561,19385,13.793,22.69,1,1,1,1,157
1778555623,19447,13.793,22.53,1,0,1,0,157
1778555684,19508,13.793,22.59,1,1,1,1,158
1778555746,19570,13.793,22.61,1,0,1,0,158
1778555807,19631,13.793,22.65,1,1,1,1,159
1778555868,19692,13.793,22.53,1,0,1,0,159
1778555930,19754,13.793,22.68,1,1,1,1,160
1778555991,19815,13.793,22.56,1,0,1,0,160
1778556053,19877,13.793,22.54,1,1,1,1,161
1778556114,19938,13.793,22.73,1,0,1,0,161
1778556175,19999,13.793,22.64,1,1,1,1,162
1778556237,20061,13.793,22.61,1,0,1,0,162
1778556298,20122,13.793,22.56,1,1,1,1,163
1778556359,20183,13.793,22.61,1,0,1,0,163
1778556421,20245,13.793,22.57,1,1,1,1,164
1778556482,20306,13.793,22.6,1,0,1,0,164
1778556543,20367,13.793,22.68,1,1,1,1,165
1778556605,20429,13.793,22.72,1,0,1,0,165
1778556666,20490,13.793,22.66,1,1,1,1,166
1778556727,20551,13.793,22.57,1,0,1,0,166
1778556789,20613,13.793,22.73,1,1,1,1,167
1778556850,20674,13.793,22.57,1,0,1,0,167
1778556911,20735,13.793,22.6,1,1,1,1,168
1778556973,20797,13.793,22.68,1,0,1,0,168
1778557034,20858,13.793,22.73,1,1,1,1,169
1778557096,20920,13.793,22.59,1,0,1,0,169
1778557157,20981,13.793,22.77,1,1,1,1,170
1778557218,21042,13.793,22.58,1,0,1,0,170
1778557280,21104,13.793,22.54,1,1,1,1,171
1778557341,21165,13.793,22.55,1,0,1,0,171
1778557403,21227,13.793,22.66,1,1,1,1,172
1778557464,21288,13.793,22.73,1,0,1,0,172
1778557525,21349,13.793,22.68,1,1,1,1,173
1778557587,21411,13.793,22.6,1,0,1,0,173
1778557648,21472,13.793,22.67,1,1,1,1,174
1778557709,21533,13.793,22.62,1,0,1,0,174
1778557771,21595,13.793,22.59,1,1,1,1,175
1778557832,21656,13.793,22.55,1,0,1,0,175
1778557893,21717,13.793,22.65,1,1,1,1,176
1778557955,21779,13.793,22.53,1,0,1,0,176
1778558016,21840,13.793,22.72,1,1,1,1,177
1778558077,21901,13.793,22.55,1,0,1,0,177
1778558139,21963,13.793,22.59,1,1,1,1,178
1778558200,22024,13.793,22.69,1,0,1,0,178
1778558262,22086,13.793,22.57,1,1,1,1,179
1778558323,22147,13.793,22.75,1,0,1,0,179
1778558384,22208,13.793,22.62,1,1,1,1,180
1778558446,22270,13.793,22.71,1,0,1,0,180
1778558507,22331,13.793,22.59,1,1,1,1,181
1778558568,22392,13.793,22.68,1,0,1,0,181
1778558630,22454,13.793,22.54,1,1,1,1,182
1778558691,22515,13.793,22.53,1,0,1,0,182
1778558752,22576,13.793,22.59,1,1,1,1,183
1778558814,22638,13.793,22.66,1,0,1,0,183
1778558875,22699,13.793,22.54,1,1,1,1,184
1778558937,22761,13.793,22.6,1,0,1,0,184
1778558998,22822,13.793,22.63,1,1,1,1,185
1778559059,22883,13.793,22.56,1,0,1,0,185
1778559121,22945,13.793,22.63,1,1,1,1,186
1778559182,23006,13.793,22.53,1,0,1,0,186
1778559243,23067,13.793,22.56,1,1,1,1,187
1778559305,23129,13.793,22.58,1,0,1,0,187
1778559366,23190,13.793,22.63,1,1,1,1,188
1778559427,23251,13.793,22.62,1,0,1,0,188
1778559489,23313,13.793,22.6,1,1,1,1,189
1778559550,23374,13.793,22.57,1,0,1,0,189
1778559611,23435,13.793,22.69,1,1,1,1,190
1778559673,23497,13.793,22.56,1,0,1,0,190
1778559734,23558,13.793,22.73,1,1,1,1,191
1778559795,23619,13.793,22.61,1,0,1,0,191
1778559857,23681,13.793,22.6,1,1,1,1,192
1778559918,23742,13.793,22.61,1,0,1,0,192
1778559980,23804,13.793,22.73,1,1,1,1,193
1778560041,23865,13.793,22.59,1,0,1,0,193
1778560102,23926,13.793,22.75,1,1,1,1,194
1778560164,23988,13.793,22.55,1,0,1,0,194
1778560225,24049,13.793,22.7,1,1,1,1,195
1778560286,24110,13.793,22.55,1,0,1,0,195
1778560348,24172,13.793,22.64,1,1,1,1,196
1778560409,24233,13.793,22.6,1,0,1,0,196
1778560470,24294,13.793,22.62,1,1,1,1,197
1778560532,24356,13.793,22.72,1,0,1,0,197
1778560593,24417,13.793,22.58,1,1,1,1,198
1778560655,24479,13.793,22.53,1,0,1,0,198
1778560716,24540,13.793,22.59,1,1,1,1,199
1778560777,24601,13.793,22.69,1,0,1,0,199
1778560839,24663,13.793,22.61,1,1,1,1,200
1778560900,24724,13.793,22.75,1,0,1,0,200
1778560961,24785,13.793,22.57,1,1,1,1,201
1778561023,24847,13.793,22.76,1,0,1,0,201
1778561084,24908,13.793,22.62,1,1,1,1,202
1778561145,24969,13.793,22.58,1,0,1,0,202
1778561207,25031,13.793,22.57,1,1,1,1,203
1778561268,25092,13.793,22.61,1,0,1,0,203
1778561329,25153,13.793,22.63,1,1,1,1,204
1778561391,25215,13.793,22.67,1,0,1,0,204
1778561452,25276,13.793,22.6,1,1,1,1,205
1778561513,25337,13.793,22.62,1,0,1,0,205
1778561575,25399,13.793,22.57,1,1,1,1,206
1778561636,25460,13.793,22.7,1,0,1,0,206
1778561697,25521,13.793,22.68,1,1,1,1,207
1778561759,25583,13.793,22.54,1,0,1,0,207
1778561820,25644,13.793,22.68,1,1,1,1,208
1778561881,25705,13.793,22.6,1,0,1,0,208
1778561943,25767,13.793,22.73,1,1,1,1,209
1778562004,25828,13.793,22.68,1,0,1,0,209
1778562065,25889,13.793,22.59,1,1,1,1,210
1778562127,25951,13.793,22.54,1,0,1,0,210
1778562188,26012,13.793,22.57,1,1,1,1,211
1778562249,26073,13.793,22.7,1,0,1,0,211
1778562311,26135,13.793,22.69,1,1,1,1,212
1778562372,26196,13.793,22.7,1,0,1,0,212
1778562434,26258,13.793,22.62,1,1,1,1,213
1778562495,26319,13.793,22.71,1,0,1,0,213
1778562556,26380,13.793,22.61,1,1,1,1,214
1778562618,26442,13.793,22.68,1,0,1,0,214
1778562679,26503,13.793,22.58,1,1,1,1,215
1778562740,26564,13.793,22.68,1,0,1,0,215
1778562802,26626,13.793,22.75,1,1,1,1,216
1778562863,26687,13.793,22.7,1,0,1,0,216
1778562924,26748,13.793,22.61,1,1,1,1,217
1778562986,26810,13.793,22.62,1,0,1,0,217
1778563047,26871,13.793,22.62,1,1,1,1,218
1778563108,26932,13.793,22.58,1,0,1,0,218
1778563170,26994,13.793,22.68,1,1,1,1,219
1778563231,27055,13.793,22.59,1,0,1,0,219
1778563292,27116,13.793,22.59,1,1,1,1,220
1778563354,27178,13.793,22.61,1,0,1,0,220
1778563415,27239,13.793,22.59,1,1,1,1,221
1778563476,27300,13.793,22.71,1,0,1,0,221
1778563538,27362,13.793,22.56,1,1,1,1,222
1778563599,27423,13.793,22.59,1,0,1,0,222
1778563660,27484,13.793,22.6,1,1,1,1,223
1778563722,27546,13.793,22.53,1,0,1,0,223
1778563783,27607,13.793,22.54,1,1,1,1,224
1778563844,27668,13.793,22.57,1,0,1,0,224
1778563906,27730,13.793,22.67,1,1,1,1,225
1778563967,27791,13.793,22.59,1,0,1,0,225
1778564028,27852,13.793,22.58,1,1,1,1,226
1778564090,27914,13.793,22.67,1,0,1,0,226
1778564151,27975,13.793,22.54,1,1,1,1,227
1778564212,28036,13.793,22.71,1,0,1,0,227
1778564274,28098,13.793,22.59,1,1,1,1,228
1778564335,28159,13.793,22.55,1,0,1,0,228
1778564397,28221,13.793,22.71,1,1,1,1,229
1778564458,28282,13.793,22.62,1,0,1,0,229
1778564519,28343,13.793,22.69,1,1,1,1,230
1778564581,28405,13.793,22.57,1,0,1,0,230
1778564642,28466,13.793,22.57,1,1,1,1,231
1778564703,28527,13.793,22.56,1,0,1,0,231
1778564765,28589,13.793,22.61,1,1,1,1,232
1778564826,28650,13.793,22.6,1,0,1,0,232
1778564887,28711,13.793,22.55,1,1,1,1,233
1778564949,28773,13.793,22.74,1,0,1,0,233
1778565010,28834,13.793,22.6,1,1,1,1,234
1778565071,28895,13.793,22.76,1,0,1,0,234
1778565133,28957,13.793,22.75,1,1,1,1,235
1778565194,29018,13.793,22.54,1,0,1,0,235
1778565255,29079,13.793,22.69,1,1,1,1,236
1778565317,29141,13.793,22.71,1,0,1,0,236
1778565378,29202,13.793,22.55,1,1,1,1,237
1778565439,29263,13.793,22.67,1,0,1,0,237
1778565501,29325,13.793,22.62,1,1,1,1,238
1778565562,29386,13.793,22.7,1,0,1,0,238
1778565623,29447,13.793,22.67,1,1,1,1,239
1778565685,29509,13.793,22.54,1,0,1,0,239
1778565746,29570,13.793,22.56,1,1,1,1,240
1778565808,29632,13.793,22.75,1,0,1,0,240
1778565869,29693,13.793,22.6,1,1,1,1,241
1778565930,29754,13.793,22.57,1,0,1,0,241
1778565992,29816,13.793,22.59,1,1,1,1,242
1778566053,29877,13.793,22.59,1,0,1,0,242
1778566115,29939,13.793,22.7,1,1,1,1,243
1778566176,30000,13.793,22.61,1,0,1,0,243
1778566237,30061,13.793,22.62,1,1,1,1,244
1778566299,30123,13.793,22.68,1,0,1,0,244
1778566360,30184,13.793,22.76,1,1,1,1,245
1778566421,30245,13.793,22.59,1,0,1,0,245
1778566483,30307,13.793,22.58,1,1,1,1,246
1778566544,30368,13.793,22.71,1,0,1,0,246
1778566605,30429,13.793,22.68,1,1,1,1,247
1778566667,30491,13.793,22.61,1,0,1,0,247
1778566728,30552,13.793,22.63,1,1,1,1,248
1778566789,30613,13.793,22.77,1,0,1,0,248
1778566851,30675,13.793,22.62,1,1,1,1,249
1778566912,30736,13.793,22.63,1,0,1,0,249
1778566973,30797,13.793,22.7,1,1,1,1,250
1778567035,30859,13.793,22.58,1,0,1,0,250
1778567096,30920,13.793,22.55,1,1,1,1,251
1778567158,30982,13.793,22.6,1,0,1,0,251
1778567219,31043,13.793,22.73,1,1,1,1,252
1778567280,31104,13.793,22.57,1,0,1,0,252
1778567342,31166,13.793,22.67,1,1,1,1,253
1778567403,31227,13.793,22.62,1,0,1,0,253
1778567464,31288,13.793,22.7,1,1,1,1,254
1778567526,31350,13.793,22.64,1,0,1,0,254
1778567587,31411,13.793,22.75,1,1,1,1,255
1778567648,31472,13.793,22.78,1,0,1,0,255
1778567710,31534,13.793,22.7,1,1,1,1,256
1778567771,31595,13.793,22.57,1,0,1,0,256
1778567833,31657,13.793,22.69,1,1,1,1,257
1778567894,31718,13.793,22.66,1,0,1,0,257
1778567955,31779,13.793,22.59,1,1,1,1,258
1778568017,31841,13.793,22.59,1,0,1,0,258
1778568078,31902,13.793,22.7,1,1,1,1,259
1778568139,31963,13.793,22.56,1,0,1,0,259
1778568201,32025,13.793,22.68,1,1,1,1,260
1778568262,32086,13.793,22.56,1,0,1,0,260
1778568323,32147,13.793,22.73,1,1,1,1,261
1778568385,32209,13.793,22.63,1,0,1,0,261
1778568446,32270,13.793,22.57,1,1,1,1,262
1778568507,32331,13.793,22.62,1,0,1,0,262
1778568569,32393,13.793,22.57,1,1,1,1,263
1778568630,32454,13.793,22.66,1,0,1,0,263
1778568692,32516,13.793,22.56,1,1,1,1,264
1778568753,32577,13.793,22.67,1,0,1,0,264
1778568814,32638,13.793,22.59,1,1,1,1,265
1778568876,32700,13.793,22.56,1,0,1,0,265
1778568937,32761,13.793,22.59,1,1,1,1,266
1778568998,32822,13.793,22.56,1,0,1,0,266
1778569060,32884,13.793,22.71,1,1,1,1,267
1778569121,32945,13.793,22.6,1,0,1,0,267
1778569182,33006,13.793,22.58,1,1,1,1,268
1778569244,33068,13.793,22.74,1,0,1,0,268
1778569305,33129,13.793,22.77,1,1,1,1,269
1778569367,33191,13.793,22.59,1,0,1,0,269
1778569428,33252,13.793,22.59,1,1,1,1,270
1778569489,33313,13.793,22.59,1,0,1,0,270
1778569551,33375,13.793,22.59,1,1,1,1,271
1778569612,33436,13.793,22.62,1,0,1,0,271
1778569673,33497,13.793,22.67,1,1,1,1,272
1778569735,33559,13.793,22.6,1,0,1,0,272
1778569796,33620,13.793,22.58,1,1,1,1,273
1778569857,33681,13.793,22.56,1,0,1,0,273
1778569919,33743,13.793,22.58,1,1,1,1,274
1778569980,33804,13.793,22.75,1,0,1,0,274
1778570041,33865,13.793,22.6,1,1,1,1,275
1778570103,33927,13.793,22.63,1,0,1,0,275
1778570164,33988,13.793,22.57,1,1,1,1,276
1778570225,34049,13.793,22.74,1,0,1,0,276
1778570287,34111,13.793,22.61,1,1,1,1,277
1778570348,34172,13.793,22.6,1,0,1,0,277
1778570409,34233,13.793,22.57,1,1,1,1,278
1778570471,34295,13.793,22.62,1,0,1,0,278
1778570532,34356,13.793,22.66,1,1,1,1,279
1778570593,34417,13.793,22.64,1,0,1,0,279
1778570655,34479,13.793,22.75,1,1,1,1,280
1778570716,34540,13.793,22.54,1,0,1,0,280
1778570777,34601,13.793,22.55,1,1,1,1,281
1778570839,34663,13.793,22.58,1,0,1,0,281
1778570900,34724,13.793,22.72,1,1,1,1,282
1778570962,34786,13.793,22.6,1,0,1,0,282
1778571023,34847,13.793,22.59,1,1,1,1,283
1778571084,34908,13.793,22.63,1,0,1,0,283
1778571146,34970,13.793,22.65,1,1,1,1,284
1778571207,35031,13.793,22.75,1,0,1,0,284
1778571268,35092,13.793,22.57,1,1,1,1,285
1778571330,35154,13.793,22.59,1,0,1,0,285
1778571391,35215,13.793,22.74,1,1,1,1,286
1778571452,35276,13.793,22.59,1,0,1,0,286
1778571514,35338,13.793,22.57,1,1,1,1,287
1778571575,35399,13.793,22.73,1,0,1,0,287
1778571637,35461,13.793,22.79,1,1,1,1,288
1778571698,35522,13.793,22.56,1,0,1,0,288
1778571759,35583,13.793,22.57,1,1,1,1,289
1778571821,35645,13.793,22.64,1,0,1,0,289
1778571882,35706,13.793,22.6,1,1,1,1,290
1778571943,35767,13.793,22.61,1,0,1,0,290
1778572005,35829,13.793,22.71,1,1,1,1,291
1778572066,35890,13.793,22.71,1,0,1,0,291
1778572127,35951,13.793,22.61,1,1,1,1,292
1778572189,36013,13.793,22.67,1,0,1,0,292
1778572250,36074,13.793,22.69,1,1,1,1,293
1778572311,36135,13.793,22.69,1,0,1,0,293
1778572373,36197,13.793,22.57,1,1,1,1,294
1778572434,36258,13.793,22.7,1,0,1,0,294
1778572495,36319,13.793,22.63,1,1,1,1,295
1778572557,36381,13.793,22.64,1,0,1,0,295
1778572618,36442,13.793,22.69,1,1,1,1,296
1778572680,36504,13.793,22.62,1,0,1,0,296
1778572741,36565,13.793,22.8,1,1,1,1,297
1778572802,36626,13.793,22.68,1,0,1,0,297
1778572864,36688,13.793,22.71,1,1,1,1,298
1778572925,36749,13.793,22.59,1,0,1,0,298
1778572986,36810,13.793,22.69,1,1,1,1,299
1778573048,36872,13.793,22.6,1,0,1,0,299
1778573109,36933,13.793,22.75,1,1,1,1,300
1778573170,36994,13.793,22.77,1,0,1,0,300
1778573232,37056,13.793,22.57,1,1,1,1,301
1778573293,37117,13.793,22.61,1,0,1,0,301
1778573354,37178,13.793,22.63,1,1,1,1,302
1778573416,37240,13.793,22.57,1,0,1,0,302
1778573477,37301,13.793,22.58,1,1,1,1,303
1778573539,37363,13.793,22.59,1,0,1,0,303
1778573600,37424,13.793,22.54,1,1,1,1,304
1778573661,37485,13.793,22.72,1,0,1,0,304
1778573723,37547,13.793,22.7,1,1,1,1,305
1778573784,37608,13.793,22.69,1,0,1,0,305
1778573846,37670,13.793,22.64,1,1,1,1,306
1778573907,37731,13.793,22.6,1,0,1,0,306
1778573968,37792,13.793,22.77,1,1,1,1,307
1778574030,37854,13.793,22.62,1,0,1,0,307
1778574091,37915,13.793,22.58,1,1,1,1,308
1778574152,37976,13.793,22.61,1,0,1,0,308
1778574214,38038,13.793,22.72,1,1,1,1,309
1778574275,38099,13.793,22.65,1,0,1,0,309
1778574337,38161,13.793,22.61,1,1,1,1,310
1778574398,38222,13.793,22.66,1,0,1,0,310
1778574459,38283,13.793,22.62,1,1,1,1,311
1778574521,38345,13.793,22.71,1,0,1,0,311
1778574582,38406,13.793,22.59,1,1,1,1,312
1778574643,38467,13.793,22.73,1,0,1,0,312
1778574705,38529,13.793,22.65,1,1,1,1,313
1778574766,38590,13.793,22.59,1,0,1,0,313
1778574827,38651,13.793,22.63,1,1,1,1,314
1778574889,38713,13.793,22.73,1,0,1,0,314
1778574950,38774,13.793,22.72,1,1,1,1,315
1778575011,38835,13.793,22.62,1,0,1,0,315
1778575073,38897,13.793,22.62,1,1,1,1,316
1778575134,38958,13.793,22.63,1,0,1,0,316
1778575195,39019,13.793,22.58,1,1,1,1,317
1778575257,39081,13.793,22.61,1,0,1,0,317
1778575318,39142,13.793,22.73,1,1,1,1,318
1778575380,39204,13.793,22.63,1,0,1,0,318
1778575441,39265,13.793,22.57,1,1,1,1,319
1778575502,39326,13.793,22.68,1,0,1,0,319
1778575564,39388,13.793,22.62,1,1,1,1,320
1778575625,39449,13.793,22.66,1,0,1,0,320
1778575686,39510,13.793,22.69,1,1,1,1,321
1778575748,39572,13.793,22.61,1,0,1,0,321
1778575809,39633,13.793,22.61,1,1,1,1,322
1778575870,39694,13.793,22.59,1,0,1,0,322
1778575932,39756,13.793,22.79,1,1,1,1,323
1778575993,39817,13.793,22.61,1,0,1,0,323
1778576054,39878,13.793,22.61,1,1,1,1,324
1778576116,39940,13.793,22.57,1,0,1,0,324
1778576177,40001,13.793,22.68,1,1,1,1,325
1778576238,40062,13.793,22.6,1,0,1,0,325
1778576300,40124,13.793,22.72,1,1,1,1,326
1778576361,40185,13.793,22.76,1,0,1,0,326
1778576422,40246,13.793,22.56,1,1,1,1,327
1778576484,40308,13.793,22.6,1,0,1,0,327
1778576545,40369,13.793,22.64,1,1,1,1,328
1778576606,40430,13.793,22.79,1,0,1,0,328
1778576668,40492,13.793,22.58,1,1,1,1,329
1778576729,40553,13.793,22.76,1,0,1,0,329
1778576790,40614,13.793,22.73,1,1,1,1,330
1778576852,40676,13.793,22.61,1,0,1,0,330
1778576913,40737,13.793,22.65,1,1,1,1,331
1778576974,40798,13.793,22.65,1,0,1,0,331
1778577036,40860,13.793,22.8,1,1,1,1,332
1778577097,40921,13.793,22.64,1,0,1,0,332
1778577158,40982,13.793,22.57,1,1,1,1,333
1778577220,41044,13.793,22.62,1,0,1,0,333
1778577281,41105,13.793,22.59,1,1,1,1,334
1778577343,41167,13.793,22.64,1,0,1,0,334
1778577404,41228,13.793,22.68,1,1,1,1,335
1778577465,41289,13.793,22.64,1,0,1,0,335
1778577527,41351,13.793,22.57,1,1,1,1,336
1778577588,41412,13.793,22.65,1,0,1,0,336
1778577649,41473,13.793,22.58,1,1,1,1,337
1778577711,41535,13.793,22.7,1,0,1,0,337
1778577772,41596,13.793,22.64,1,1,1,1,338
1778577833,41657,13.793,22.6,1,0,1,0,338
1778577895,41719,13.793,22.74,1,1,1,1,339
1778577956,41780,13.793,22.62,1,0,1,0,339
1778578017,41841,13.793,22.77,1,1,1,1,340
1778578079,41903,13.793,22.73,1,0,1,0,340
1778578140,41964,13.793,22.67,1,1,1,1,341
1778578201,42025,13.793,22.58,1,0,1,0,341
1778578263,42087,13.793,22.77,1,1,1,1,342
1778578324,42148,13.793,22.65,1,0,1,0,342
1778578385,42209,13.793,22.57,1,1,1,1,343
1778578447,42271,13.793,22.72,1,0,1,0,343
1778578508,42332,13.793,22.75,1,1,1,1,344
1778578569,42393,13.793,22.63,1,0,1,0,344
1778578631,42455,13.793,22.65,1,1,1,1,345
1778578692,42516,13.793,22.64,1,0,1,0,345
1778578754,42578,13.793,22.75,1,1,1,1,346
1778578815,42639,13.793,22.6,1,0,1,0,346
1778578876,42700,13.793,22.59,1,1,1,1,347
1778578938,42762,13.793,22.61,1,0,1,0,347
1778578999,42823,13.793,22.6,1,1,1,1,348
1778579060,42884,13.793,22.64,1,0,1,0,348
1778579122,42946,13.793,22.75,1,1,1,1,349
1778579183,43007,13.793,22.77,1,0,1,0,349
1778579244,43068,13.793,22.72,1,1,1,1,350
1778579306,43130,13.793,22.73,1,0,1,0,350
1778579367,43191,13.793,22.72,1,1,1,1,351
1778579428,43252,13.793,22.59,1,0,1,0,351
1778579490,43314,13.793,22.64,1,1,1,1,352
1778579551,43375,13.793,22.75,1,0,1,0,352
1778579613,43437,13.793,22.6,1,1,1,1,353
1778579674,43498,13.793,22.61,1,0,1,0,353
1778579735,43559,13.793,22.65,1,1,1,1,354
1778579797,43621,13.793,22.63,1,0,1,0,354
1778579858,43682,13.793,22.62,1,1,1,1,355
1778579920,43744,13.793,22.62,1,0,1,0,355
1778579981,43805,13.793,22.66,1,1,1,1,356
1778580042,43866,13.793,22.82,1,0,1,0,356
1778580104,43928,13.793,22.72,1,1,1,1,357
1778580165,43989,13.793,22.67,1,0,1,0,357
1778580226,44050,13.793,22.64,1,1,1,1,358
1778580288,44112,13.793,22.71,1,0,1,0,358
1778580349,44173,13.793,22.81,1,1,1,1,359
1778580411,44235,13.793,22.74,1,0,1,0,359
1778580472,44296,13.793,22.69,1,1,1,1,360
1778580533,44357,13.793,22.64,1,0,1,0,360
1778580595,44419,13.793,22.66,1,1,1,1,361
1778580656,44480,13.793,22.8,1,0,1,0,361
1778580717,44541,13.793,22.71,1,1,1,1,362
1778580779,44603,13.793,22.63,1,0,1,0,362
1778580840,44664,13.793,22.76,1,1,1,1,363
1778580901,44725,13.793,22.59,1,0,1,0,363
1778580963,44787,13.793,22.65,1,1,1,1,364
1778581024,44848,13.793,22.76,1,0,1,0,364
1778581085,44909,13.793,22.78,1,1,1,1,365
1778581147,44971,13.793,22.68,1,0,1,0,365
1778581208,45032,13.793,22.58,1,1,1,1,366
1778581269,45093,13.793,22.74,1,0,1,0,366
1778581331,45155,13.793,22.66,1,1,1,1,367
1778581392,45216,13.793,22.79,1,0,1,0,367
1778581453,45277,13.793,22.62,1,1,1,1,368
1778581515,45339,13.793,22.61,1,0,1,0,368
1778581576,45400,13.793,22.57,1,1,1,1,369
1778581637,45461,13.793,22.78,1,0,1,0,369
1778581699,45523,13.793,22.64,1,1,1,1,370
1778581760,45584,13.793,22.73,1,0,1,0,370
1778581821,45645,13.793,22.78,1,1,1,1,371
1778581883,45707,13.793,22.64,1,0,1,0,371
1778581944,45768,13.793,22.62,1,1,1,1,372
1778582005,45829,13.793,22.85,1,0,1,0,372
1778582067,45891,13.793,22.67,1,1,1,1,373
1778582128,45952,13.793,22.73,1,0,1,0,373
1778582189,46013,13.793,22.68,1,1,1,1,374
1778582251,46075,13.793,22.62,1,0,1,0,374
1778582312,46136,13.793,22.73,1,1,1,1,375
1778582373,46197,13.793,22.61,1,0,1,0,375
1778582435,46259,13.793,22.84,1,1,1,1,376
1778582496,46320,13.793,22.65,1,0,1,0,376
1778582557,46381,13.793,22.72,1,1,1,1,377
1778582619,46443,13.793,22.77,1,0,1,0,377
1778582680,46504,13.793,22.64,1,1,1,1,378
1778582741,46565,13.793,22.59,1,0,1,0,378
1778582803,46627,13.793,22.71,1,1,1,1,379
1778582864,46688,13.793,22.61,1,0,1,0,379
1778582925,46749,13.793,22.65,1,1,1,1,380
1778582987,46811,13.793,22.77,1,0,1,0,380
1778583048,46872,13.793,22.69,1,1,1,1,381
1778583110,46934,13.793,22.73,1,0,1,0,381
1778583171,46995,13.793,22.62,1,1,1,1,382
1778583232,47056,13.793,22.73,1,0,1,0,382
1778583294,47118,13.793,22.63,1,1,1,1,383
1778583355,47179,13.793,22.64,1,0,1,0,383
1778583416,47240,13.793,22.69,1,1,1,1,384
1778583478,47302,13.793,22.72,1,0,1,0,384
1778583539,47363,13.793,22.74,1,1,1,1,385
1778583600,47424,13.793,22.6,1,0,1,0,385
1778583662,47486,13.793,22.69,1,1,1,1,386
1778583723,47547,13.793,22.78,1,0,1,0,386
1778583785,47609,13.793,22.77,1,1,1,1,387
1778583846,47670,13.793,22.65,1,0,1,0,387
1778583907,47731,13.793,22.74,1,1,1,1,388
1778583969,47793,13.793,22.74,1,0,1,0,388
1778584030,47854,13.793,22.66,1,1,1,1,389
1778584091,47915,13.793,22.61,1,0,1,0,389
1778584153,47977,13.793,22.61,1,1,1,1,390
1778584214,48038,13.793,22.73,1,0,1,0,390
1778584275,48099,13.793,22.78,1,1,1,1,391
1778584337,48161,13.793,22.65,1,0,1,0,391
1778584398,48222,13.793,22.73,1,1,1,1,392
1778584459,48283,13.793,22.78,1,0,1,0,392
1778584521,48345,13.793,22.59,1,1,1,1,393
1778584582,48406,13.793,22.6,1,0,1,0,393
1778584643,48467,13.793,22.77,1,1,1,1,394
1778584705,48529,13.793,22.74,1,0,1,0,394
1778584766,48590,13.793,22.63,1,1,1,1,395
1778584827,48651,13.793,22.62,1,0,1,0,395
1778584889,48713,13.793,22.75,1,1,1,1,396
1778584950,48774,13.793,22.68,1,0,1,0,396
1778585011,48835,13.793,22.59,1,1,1,1,397
1778585073,48897,13.793,22.8,1,0,1,0,397
1778585134,48958,13.793,22.73,1,1,1,1,398
1778585195,49019,13.793,22.66,1,0,1,0,398
1778585257,49081,13.793,22.62,1,1,1,1,399
1778585318,49142,13.793,22.72,1,0,1,0,399
1778585380,49204,13.793,22.63,1,1,1,1,400
1778585441,49265,13.793,22.64,1,0,1,0,400
1778585502,49326,13.793,22.73,1,1,1,1,401
1778585564,49388,13.793,22.65,1,0,1,0,401
1778585625,49449,13.793,22.64,1,1,1,1,402
1778585686,49510,13.793,22.63,1,0,1,0,402
1778585748,49572,13.793,22.79,1,1,1,1,403
1778585809,49633,13.793,22.61,1,0,1,0,403
1778585871,49695,13.793,22.66,1,1,1,1,404
1778585932,49756,13.793,22.77,1,0,1,0,404
1778585993,49817,13.793,22.62,1,1,1,1,405
1778586055,49879,13.793,22.73,1,0,1,0,405
1778586116,49940,13.793,22.8,1,1,1,1,406
1778586177,50001,13.793,22.79,1,0,1,0,406
1778586239,50063,13.793,22.62,1,1,1,1,407
1778586300,50124,13.793,22.82,1,0,1,0,407
1778586361,50185,13.793,22.67,1,1,1,1,408
1778586423,50247,13.793,22.61,1,0,1,0,408
1778586484,50308,13.793,22.61,1,1,1,1,409
1778586545,50369,13.793,22.65,1,0,1,0,409
1778586607,50431,13.793,22.62,1,1,1,1,410
1778586668,50492,13.793,22.65,1,0,1,0,410
1778586730,50554,13.793,22.69,1,1,1,1,411
1778586791,50615,13.793,22.75,1,0,1,0,411
1778586852,50676,13.793,22.66,1,1,1,1,412
1778586914,50738,13.793,22.7,1,0,1,0,412
1778586975,50799,13.793,22.8,1,1,1,1,413
1778587036,50860,13.793,22.75,1,0,1,0,413
1778587098,50922,13.793,22.73,1,1,1,1,414
1778587159,50983,13.793,22.67,1,0,1,0,414
1778587220,51044,13.793,22.77,1,1,1,1,415
1778587282,51106,13.793,22.71,1,0,1,0,415
1778587343,51167,13.793,22.63,1,1,1,1,416
1778587404,51228,13.793,22.62,1,0,1,0,416
1778587466,51290,13.793,22.75,1,1,1,1,417
1778587527,51351,13.793,22.73,1,0,1,0,417
1778587589,51413,13.793,22.65,1,1,1,1,418
1778587650,51474,13.793,22.62,1,0,1,0,418
1778587711,51535,13.793,22.62,1,1,1,1,419
1778587773,51597,13.793,22.64,1,0,1,0,419
1778587834,51658,13.793,22.61,1,1,1,1,420
1778587895,51719,13.793,22.73,1,0,1,0,420
1778587957,51781,13.793,22.64,1,1,1,1,421
1778588018,51842,13.793,22.68,1,0,1,0,421
1778588079,51903,13.793,22.62,1,1,1,1,422
1778588141,51965,13.793,22.75,1,0,1,0,422
1778588202,52026,13.793,22.75,1,1,1,1,423
1778588263,52087,13.793,22.6,1,0,1,0,423
1778588325,52149,13.793,22.62,1,1,1,1,424
1778588386,52210,13.793,22.73,1,0,1,0,424
1778588447,52271,13.793,22.85,1,1,1,1,425
1778588509,52333,13.793,22.62,1,0,1,0,425
1778588570,52394,13.793,22.64,1,1,1,1,426
1778588631,52455,13.793,22.7,1,0,1,0,426
1778588693,52517,13.793,22.6,1,1,1,1,427
1778588754,52578,13.793,22.68,1,0,1,0,427
1778588816,52640,13.793,22.69,1,1,1,1,428
1778588877,52701,13.793,22.76,1,0,1,0,428
1778588938,52762,13.793,22.61,1,1,1,1,429
1778589000,52824,13.793,22.59,1,0,1,0,429
1778589061,52885,13.793,22.61,1,1,1,1,430
1778589122,52946,13.793,22.77,1,0,1,0,430
1778589184,53008,13.793,22.66,1,1,1,1,431
1778589245,53069,13.793,22.73,1,0,1,0,431
1778589306,53130,13.793,22.64,1,1,1,1,432
1778589368,53192,13.793,22.74,1,0,1,0,432
1778589429,53253,13.793,22.64,1,1,1,1,433
1778589490,53314,13.793,22.73,1,0,1,0,433
1778589552,53376,13.793,22.77,1,1,1,1,434
1778589613,53437,13.793,22.61,1,0,1,0,434
1778589674,53498,13.793,22.64,1,1,1,1,435
1778589736,53560,13.793,22.66,1,0,1,0,435
1778589797,53621,13.793,22.64,1,1,1,1,436
1778589859,53683,13.793,22.7,1,0,1,0,436
1778589920,53744,13.793,22.79,1,1,1,1,437
1778589981,53805,13.793,22.65,1,0,1,0,437
1778590043,53867,13.793,22.64,1,1,1,1,438
1778590104,53928,13.793,22.75,1,0,1,0,438
1778590165,53989,13.793,22.91,1,1,1,1,439
1778590227,54051,13.793,22.68,1,0,1,0,439
1778590288,54112,13.793,22.64,1,1,1,1,440
1778590349,54173,13.793,22.75,1,0,1,0,440
1778590411,54235,13.793,22.65,1,1,1,1,441
1778590472,54296,13.793,22.65,1,0,1,0,441
1778590533,54357,13.793,22.62,1,1,1,1,442
1778590595,54419,13.793,22.77,1,0,1,0,442
1778590656,54480,13.793,22.61,1,1,1,1,443
1778590718,54542,13.793,22.65,1,0,1,0,443
1778590779,54603,13.793,22.66,1,1,1,1,444
1778590840,54664,13.793,22.75,1,0,1,0,444
1778590902,54726,13.793,22.64,1,1,1,1,445
1778590963,54787,13.793,22.64,1,0,1,0,445
1778591024,54848,13.793,22.8,1,1,1,1,446
1778591086,54910,13.793,22.65,1,0,1,0,446
1778591147,54971,13.793,22.69,1,1,1,1,447
1778591208,55032,13.793,22.75,1,0,1,0,447
1778591270,55094,13.793,22.64,1,1,1,1,448
1778591331,55155,13.793,22.66,1,0,1,0,448
1778591393,55217,13.793,22.66,1,1,1,1,449
1778591454,55278,13.793,22.66,1,0,1,0,449
1778591515,55339,13.793,22.77,1,1,1,1,450
1778591577,55401,13.793,22.68,1,0,1,0,450
1778591638,55462,13.793,22.75,1,1,1,1,451
1778591699,55523,13.793,22.74,1,0,1,0,451
1778591761,55585,13.793,22.63,1,1,1,1,452
1778591822,55646,13.793,22.66,1,0,1,0,452
1778591883,55707,13.793,22.67,1,1,1,1,453
1778591945,55769,13.793,22.78,1,0,1,0,453
1778592006,55830,13.793,22.66,1,1,1,1,454
1778592067,55891,13.793,22.77,1,0,1,0,454
1778592129,55953,13.793,22.8,1,1,1,1,455
1778592190,56014,13.793,22.82,1,0,1,0,455
1778592251,56075,13.793,22.68,1,1,1,1,456
1778592313,56137,13.793,22.66,1,0,1,0,456
1778592374,56198,13.793,22.77,1,1,1,1,457
1778592435,56259,13.793,22.8,1,0,1,0,457
1778592497,56321,13.793,22.68,1,1,1,1,458
1778592558,56382,13.793,22.71,1,0,1,0,458
1778592619,56443,13.793,22.68,1,1,1,1,459
1778592681,56505,13.793,22.6,1,0,1,0,459
1778592742,56566,13.793,22.66,1,1,1,1,460
1778592803,56627,13.793,22.75,1,0,1,0,460
1778592865,56689,13.793,22.78,1,1,1,1,461
1778592926,56750,13.793,22.67,1,0,1,0,461
1778592987,56811,13.793,22.63,1,1,1,1,462
1778593049,56873,13.793,22.73,1,0,1,0,462
1778593110,56934,13.793,22.62,1,1,1,1,463
1778593171,56995,13.793,22.63,1,0,1,0,463
1778593233,57057,13.793,22.65,1,1,1,1,464
1778593294,57118,13.793,22.66,1,0,1,0,464
1778593356,57180,13.793,22.84,1,1,1,1,465
1778593417,57241,13.793,22.67,1,0,1,0,465
1778593478,57302,13.793,22.67,1,1,1,1,466
1778593540,57364,13.793,22.75,1,0,1,0,466
1778593601,57425,13.793,22.66,1,1,1,1,467
1778593662,57486,13.793,22.62,1,0,1,0,467
1778593724,57548,13.793,22.71,1,1,1,1,468
1778593785,57609,13.793,22.64,1,0,1,0,468
1778593846,57670,13.793,22.88,1,1,1,1,469
1778593908,57732,13.793,22.67,1,0,1,0,469
1778593969,57793,13.793,22.76,1,1,1,1,470
1778594030,57854,13.793,22.68,1,0,1,0,470
1778594092,57916,13.793,22.66,1,1,1,1,471
1778594153,57977,13.793,22.73,1,0,1,0,471
1778594214,58038,13.793,22.8,1,1,1,1,472
1778594276,58100,13.793,22.75,1,0,1,0,472
1778594337,58161,13.793,22.7,1,1,1,1,473
1778594398,58222,13.793,22.69,1,0,1,0,473
1778594460,58284,13.793,22.8,1,1,1,1,474
1778594521,58345,13.793,22.66,1,0,1,0,474
1778594582,58406,13.793,22.81,1,1,1,1,475
1778594644,58468,13.793,22.7,1,0,1,0,475
1778594705,58529,13.793,22.62,1,1,1,1,476
1778594766,58590,13.793,22.75,1,0,1,0,476
1778594828,58652,13.793,22.68,1,1,1,1,477
1778594889,58713,13.793,22.68,1,0,1,0,477
1778594951,58775,13.793,22.66,1,1,1,1,478
1778595012,58836,13.793,22.7,1,0,1,0,478
1778595073,58897,13.793,22.78,1,1,1,1,479
1778595135,58959,13.793,22.7,1,0,1,0,479
1778595196,59020,13.793,22.77,1,1,1,1,480
1778595257,59081,13.793,22.74,1,0,1,0,480
1778595319,59143,13.793,22.65,1,1,1,1,481
1778595380,59204,13.793,22.65,1,0,1,0,481
1778595441,59265,13.793,22.67,1,1,1,1,482
1778595503,59327,13.793,22.64,1,0,1,0,482
1778595564,59388,13.793,22.65,1,1,1,1,483
1778595625,59449,13.793,22.83,1,0,1,0,483
1778595687,59511,13.793,22.67,1,1,1,1,484
1778595748,59572,13.793,22.78,1,0,1,0,484
1778595809,59633,13.793,22.76,1,1,1,1,485
1778595871,59695,13.793,22.69,1,0,1,0,485
1778595932,59756,13.793,22.66,1,1,1,1,486
1778595993,59817,13.793,22.66,1,0,1,0,486
1778596055,59879,13.793,22.65,1,1,1,1,487
1778596116,59940,13.793,22.66,1,0,1,0,487
1778596177,60001,13.793,22.86,1,1,1,1,488
1778596239,60063,13.793,22.64,1,0,1,0,488
1778596300,60124,13.793,22.72,1,1,1,1,489
1778596361,60185,13.793,22.61,1,0,1,0,489
1778596423,60247,13.793,22.67,1,1,1,1,490
1778596484,60308,13.793,22.65,1,0,1,0,490
1778596545,60369,13.793,22.64,1,1,1,1,491
1778596607,60431,13.793,22.77,1,0,1,0,491
1778596668,60492,13.793,22.69,1,1,1,1,492
1778596729,60553,13.793,22.69,1,0,1,0,492
1778596791,60615,13.793,22.79,1,1,1,1,493
1778596852,60676,13.793,22.66,1,0,1,0,493
1778596914,60738,13.793,22.66,1,1,1,1,494
1778596975,60799,13.793,22.66,1,0,1,0,494
1778597036,60860,13.793,22.77,1,1,1,1,495
1778597098,60922,13.793,22.83,1,0,1,0,495
1778597159,60983,13.793,22.66,1,1,1,1,496
1778597220,61044,13.793,22.77,1,0,1,0,496
1778597282,61106,13.793,22.64,1,1,1,1,497
1778597343,61167,13.793,22.85,1,0,1,0,497
1778597404,61228,13.793,22.64,1,1,1,1,498
1778597466,61290,13.793,22.89,1,0,1,0,498
1778597527,61351,13.793,22.7,1,1,1,1,499
1778597588,61412,13.793,22.69,1,0,1,0,499
1778597650,61474,13.793,22.66,1,1,1,1,500
1778597711,61535,13.793,22.61,1,0,1,0,500
1778597773,61597,13.793,22.66,1,1,1,1,501
1778597834,61658,13.793,22.74,1,0,1,0,501
1778597895,61719,13.793,22.68,1,1,1,1,502
1778597957,61781,13.793,22.61,1,0,1,0,502
1778598018,61842,13.793,22.66,1,1,1,1,503
1778598079,61903,13.793,22.67,1,0,1,0,503
1778598141,61965,13.793,22.68,1,1,1,1,504
1778598202,62026,13.793,22.77,1,0,1,0,504
1778598263,62087,13.793,22.77,1,1,1,1,505
1778598325,62149,13.793,22.68,1,0,1,0,505
1778598386,62210,13.793,22.59,1,1,1,1,506
1778598448,62272,13.793,22.62,1,0,1,0,506
1778598509,62333,13.793,22.62,1,1,1,1,507
1778598570,62394,13.793,22.61,1,0,1,0,507
1778598632,62456,13.793,22.71,1,1,1,1,508
1778598693,62517,13.793,22.64,1,0,1,0,508
1778598754,62578,13.793,22.62,1,1,1,1,509
1778598816,62640,13.793,22.71,1,0,1,0,509
1778598877,62701,13.793,22.74,1,1,1,1,510
1778598938,62762,13.793,22.79,1,0,1,0,510
1778599000,62824,13.793,22.78,1,1,1,1,511
1778599061,62885,13.793,22.61,1,0,1,0,511
1778599123,62947,13.793,22.75,1,1,1,1,512
1778599184,63008,13.793,22.69,1,0,1,0,512
1778599245,63069,13.793,22.66,1,1,1,1,513
1778599307,63131,13.793,22.67,1,0,1,0,513
1778599368,63192,13.793,22.63,1,1,1,1,514
1778599429,63253,13.793,22.61,1,0,1,0,514
1778599491,63315,13.793,22.64,1,1,1,1,515
1778599552,63376,13.793,22.65,1,0,1,0,515
1778599613,63437,13.793,22.68,1,1,1,1,516
1778599675,63499,13.793,22.62,1,0,1,0,516
1778599736,63560,13.793,22.66,1,1,1,1,517
1778599797,63621,13.793,22.89,1,0,1,0,517
1778599859,63683,13.793,22.8,1,1,1,1,518
1778599920,63744,13.793,22.7,1,0,1,0,518
1778599981,63805,13.793,22.74,1,1,1,1,519
1778600043,63867,13.793,22.65,1,0,1,0,519
1778600104,63928,13.793,22.81,1,1,1,1,520
1778600165,63989,13.793,22.6,1,0,1,0,520
1778600227,64051,13.793,22.67,1,1,1,1,521
1778600288,64112,13.793,22.66,1,0,1,0,521
1778600349,64173,13.793,22.66,1,1,1,1,522
1778600411,64235,13.793,22.63,1,0,1,0,522
1778600472,64296,13.793,22.82,1,1,1,1,523
1778600534,64358,13.793,22.64,1,0,1,0,523
1778600595,64419,13.793,22.69,1,1,1,1,524
1778600656,64480,13.793,22.64,1,0,1,0,524
1778600718,64542,13.793,22.72,1,1,1,1,525
1778600779,64603,13.793,22.73,1,0,1,0,525
1778600840,64664,13.793,22.62,1,1,1,1,526
1778600902,64726,13.793,22.68,1,0,1,0,526
1778600963,64787,13.793,22.8,1,1,1,1,527
1778601024,64848,13.793,22.61,1,0,1,0,527
1778601086,64910,13.793,22.64,1,1,1,1,528
1778601147,64971,13.793,22.7,1,0,1,0,528
1778601208,65032,13.793,22.71,1,1,1,1,529
1778601270,65094,13.793,22.67,1,0,1,0,529
1778601331,65155,13.793,22.64,1,1,1,1,530
1778601393,65217,13.793,22.66,1,0,1,0,530
1778601454,65278,13.793,22.8,1,1,1,1,531
1778601515,65339,13.793,22.68,1,0,1,0,531
1778601577,65401,13.793,22.62,1,1,1,1,532
1778601638,65462,13.793,22.63,1,0,1,0,532
1778601699,65523,13.793,22.77,1,1,1,1,533
1778601761,65585,13.793,22.72,1,0,1,0,533
1778601822,65646,13.793,22.68,1,1,1,1,534
1778601883,65707,13.793,22.61,1,0,1,0,534
1778601945,65769,13.793,22.65,1,1,1,1,535
1778602006,65830,13.793,22.84,1,0,1,0,535
1778602067,65891,13.793,22.61,1,1,1,1,536
1778602129,65953,13.793,22.69,1,0,1,0,536
1778602190,66014,13.793,22.75,1,1,1,1,537
1778602251,66075,13.793,22.75,1,0,1,0,537
1778602313,66137,13.793,22.77,1,1,1,1,538
1778602374,66198,13.793,22.67,1,0,1,0,538
1778602435,66259,13.793,22.76,1,1,1,1,539
1778602497,66321,13.793,22.8,1,0,1,0,539
1778602558,66382,13.793,22.66,1,1,1,1,540
1778602619,66443,13.793,22.76,1,0,1,0,540
1778602681,66505,13.793,22.62,1,1,1,1,541
1778602742,66566,13.793,22.77,1,0,1,0,541
1778602803,66627,13.793,22.68,1,1,1,1,542
1778602865,66689,13.793,22.77,1,0,1,0,542
1778602926,66750,13.793,22.64,1,1,1,1,543
1778602987,66811,13.793,22.77,1,0,1,0,543
1778603049,66873,13.793,22.62,1,1,1,1,544
1778603110,66934,13.793,22.64,1,0,1,0,544
1778603172,66996,13.793,22.82,1,1,1,1,545
1778603233,67057,13.793,22.68,1,0,1,0,545
1778603294,67118,13.793,22.75,1,1,1,1,546
1778603356,67180,13.793,22.73,1,0,1,0,546
1778603417,67241,13.793,22.75,1,1,1,1,547
1778603478,67302,13.793,22.74,1,0,1,0,547
1778603540,67364,13.793,22.8,1,1,1,1,548
1778603601,67425,13.793,22.66,1,0,1,0,548
1778603662,67486,13.793,22.66,1,1,1,1,549
1778603724,67548,13.793,22.71,1,0,1,0,549
1778603785,67609,13.793,22.79,1,1,1,1,550
1778603846,67670,13.793,22.69,1,0,1,0,550
1778603908,67732,13.793,22.63,1,1,1,1,551
1778603969,67793,13.793,22.69,1,0,1,0,551
1778604030,67854,13.793,22.75,1,1,1,1,552
1778604092,67916,13.793,22.67,1,0,1,0,552
1778604153,67977,13.793,22.63,1,1,1,1,553
1778604214,68038,13.793,22.68,1,0,1,0,553
1778604276,68100,13.793,22.68,1,1,1,1,554
1778604337,68161,13.793,22.83,1,0,1,0,554
1778604398,68222,13.793,22.75,1,1,1,1,555
1778604460,68284,13.793,22.64,1,0,1,0,555
1778604521,68345,13.793,22.7,1,1,1,1,556
1778604582,68406,13.793,22.66,1,0,1,0,556
1778604644,68468,13.793,22.79,1,1,1,1,557
1778604705,68529,13.793,22.81,1,0,1,0,557
1778604767,68591,13.793,22.7,1,1,1,1,558
1778604828,68652,13.793,22.68,1,0,1,0,558
1778604889,68713,13.793,22.79,1,1,1,1,559
1778604951,68775,13.793,22.64,1,0,1,0,559
1778605012,68836,13.793,22.79,1,1,1,1,560
1778605073,68897,13.793,22.67,1,0,1,0,560
1778605135,68959,13.793,22.79,1,1,1,1,561
1778605196,69020,13.793,22.66,1,0,1,0,561
1778605257,69081,13.793,22.66,1,1,1,1,562
1778605319,69143,13.793,22.84,1,0,1,0,562
1778605380,69204,13.793,22.7,1,1,1,1,563
1778605441,69265,13.793,22.77,1,0,1,0,563
1778605503,69327,13.793,22.75,1,1,1,1,564
1778605564,69388,13.793,22.81,1,0,1,0,564
1778605625,69449,13.793,22.72,1,1,1,1,565
1778605687,69511,13.793,22.67,1,0,1,0,565
1778605748,69572,13.793,22.63,1,1,1,1,566
1778605809,69633,13.793,22.87,1,0,1,0,566
1778605871,69695,13.793,22.75,1,1,1,1,567
1778605932,69756,13.793,22.69,1,0,1,0,567
1778605993,69817,13.793,22.8,1,1,1,1,568
1778606055,69879,13.793,22.83,1,0,1,0,568
1778606116,69940,13.793,22.69,1,1,1,1,569
1778606177,70001,13.793,22.74,1,0,1,0,569
1778606239,70063,13.793,22.68,1,1,1,1,570
1778606300,70124,13.793,22.64,1,0,1,0,570
1778606361,70185,13.793,22.64,1,1,1,1,571
1778606423,70247,13.793,22.68,1,0,1,0,571
1778606484,70308,13.793,22.75,1,1,1,1,572
1778606545,70369,13.793,22.77,1,0,1,0,572
1778606607,70431,13.793,22.7,1,1,1,1,573
1778606668,70492,13.793,22.66,1,0,1,0,573
1778606729,70553,13.793,22.77,1,1,1,1,574
1778606791,70615,13.793,22.71,1,0,1,0,574
1778606852,70676,13.793,22.7,1,1,1,1,575
1778606913,70737,13.793,22.87,1,0,1,0,575
1778606975,70799,13.793,22.77,1,1,1,1,576
1778607036,70860,13.793,22.67,1,0,1,0,576
1778607097,70921,13.793,22.74,1,1,1,1,577
1778607159,70983,13.793,22.86,1,0,1,0,577
1778607220,71044,13.793,22.79,1,1,1,1,578
1778607282,71106,13.793,22.73,1,0,1,0,578
1778607343,71167,13.793,22.7,1,1,1,1,579
1778607404,71228,13.793,22.76,1,0,1,0,579
1778607466,71290,13.793,22.66,1,1,1,1,580
1778607527,71351,13.793,22.69,1,0,1,0,580
1778607588,71412,13.793,22.67,1,1,1,1,581
1778607650,71474,13.793,22.68,1,0,1,0,581
1778607711,71535,13.793,22.69,1,1,1,1,582
1778607772,71596,13.793,22.64,1,0,1,0,582
1778607834,71658,13.793,22.69,1,1,1,1,583
1778607895,71719,13.793,22.7,1,0,1,0,583
1778607956,71780,13.793,22.75,1,1,1,1,584
1778608018,71842,13.793,22.65,1,0,1,0,584
1778608079,71903,13.793,22.71,1,1,1,1,585
1778608140,71964,13.793,22.64,1,0,1,0,585
1778608202,72026,13.793,22.7,1,1,1,1,586
1778608263,72087,13.793,22.73,1,0,1,0,586
1778608324,72148,13.793,22.68,1,1,1,1,587
1778608386,72210,13.793,22.82,1,0,1,0,587
1778608447,72271,13.793,22.75,1,1,1,1,588
1778608508,72332,13.793,22.73,1,0,1,0,588
1778608570,72394,13.793,22.65,1,1,1,1,589
1778608631,72455,13.793,22.68,1,0,1,0,589
1778608692,72516,13.793,22.66,1,1,1,1,590
1778608754,72578,13.793,22.87,1,0,1,0,590
1778608815,72639,13.793,22.67,1,1,1,1,591
1778608876,72700,13.793,22.72,1,0,1,0,591
1778608938,72762,13.793,22.85,1,1,1,1,592
1778608999,72823,13.793,22.89,1,0,1,0,592
1778609060,72884,13.793,22.79,1,1,1,1,593
1778609122,72946,13.793,22.68,1,0,1,0,593
1778609183,73007,13.793,22.66,1,1,1,1,594
1778609244,73068,13.793,22.91,1,0,1,0,594
1778609306,73130,13.793,22.71,1,1,1,1,595
1778609367,73191,13.793,22.72,1,0,1,0,595
1778609429,73253,13.793,22.68,1,1,1,1,596
1778609490,73314,13.793,22.68,1,0,1,0,596
1778609551,73375,13.793,22.73,1,1,1,1,597
1778609613,73437,13.793,22.82,1,0,1,0,597
1778609674,73498,13.793,22.69,1,1,1,1,598
1778609735,73559,13.793,22.72,1,0,1,0,598
1778609797,73621,13.793,22.73,1,1,1,1,599
1778609858,73682,13.793,22.92,1,0,1,0,599
1778609920,73744,13.793,22.8,1,1,1,1,600
1778609981,73805,13.793,22.79,1,0,1,0,600
1778610042,73866,13.793,22.7,1,1,1,1,601
1778610104,73928,13.793,22.88,1,0,1,0,601
1778610165,73989,13.793,22.71,1,1,1,1,602
1778610226,74050,13.793,22.71,1,0,1,0,602
1778610288,74112,13.793,22.68,1,1,1,1,603
1778610349,74173,13.793,22.71,1,0,1,0,603
1778610410,74234,13.793,22.72,1,1,1,1,604
1778610472,74296,13.793,22.71,1,0,1,0,604
1778610533,74357,13.793,22.67,1,1,1,1,605
1778610594,74418,13.793,22.67,1,0,1,0,605
1778610656,74480,13.793,22.67,1,1,1,1,606
1778610717,74541,13.793,22.71,1,0,1,0,606
1778610778,74602,13.793,22.73,1,1,1,1,607
1778610840,74664,13.793,22.84,1,0,1,0,607
1778610901,74725,13.793,22.69,1,1,1,1,608
1778610962,74786,13.793,22.65,1,0,1,0,608
1778611024,74848,13.793,22.8,1,1,1,1,609
1778611085,74909,13.793,22.7,1,0,1,0,609
1778611146,74970,13.793,22.74,1,1,1,1,610
1778611208,75032,13.793,22.71,1,0,1,0,610
1778611269,75093,13.793,22.73,1,1,1,1,611
1778611330,75154,13.793,22.76,1,0,1,0,611
1778611392,75216,13.793,22.69,1,1,1,1,612
1778611453,75277,13.793,22.69,1,0,1,0,612
1778611514,75338,13.793,22.71,1,1,1,1,613
1778611576,75400,13.793,22.72,1,0,1,0,613
1778611637,75461,13.793,22.69,1,1,1,1,614
1778611698,75522,13.793,22.79,1,0,1,0,614
1778611760,75584,13.793,22.71,1,1,1,1,615
1778611821,75645,13.793,22.71,1,0,1,0,615
1778611883,75707,13.793,22.69,1,1,1,1,616
1778611944,75768,13.793,22.88,1,0,1,0,616
1778612005,75829,13.793,22.8,1,1,1,1,617
1778612067,75891,13.793,22.75,1,0,1,0,617
1778612128,75952,13.793,22.8,1,1,1,1,618
1778612189,76013,13.793,22.74,1,0,1,0,618
1778612251,76075,13.793,22.72,1,1,1,1,619
1778612312,76136,13.793,22.75,1,0,1,0,619
1778612373,76197,13.793,22.71,1,1,1,1,620
1778612435,76259,13.793,22.87,1,0,1,0,620
1778612496,76320,13.793,22.73,1,1,1,1,621
1778612557,76381,13.793,22.78,1,0,1,0,621
1778612619,76443,13.793,22.83,1,1,1,1,622
1778612680,76504,13.793,22.84,1,0,1,0,622
1778612742,76566,13.793,22.68,1,1,1,1,623
1778612803,76627,13.793,22.84,1,0,1,0,623
1778612864,76688,13.793,22.82,1,1,1,1,624
1778612926,76750,13.793,22.71,1,0,1,0,624
1778612987,76811,13.793,22.68,1,1,1,1,625
1778613048,76872,13.793,22.84,1,0,1,0,625
1778613110,76934,13.793,22.69,1,1,1,1,626
1778613171,76995,13.793,22.7,1,0,1,0,626
1778613232,77056,13.793,22.67,1,1,1,1,627
1778613294,77118,13.793,22.86,1,0,1,0,627
1778613355,77179,13.793,22.79,1,1,1,1,628
1778613416,77240,13.793,22.89,1,0,1,0,628
1778613478,77302,13.793,22.79,1,1,1,1,629
1778613539,77363,13.793,22.73,1,0,1,0,629
1778613600,77424,13.793,22.72,1,1,1,1,630
1778613662,77486,13.793,22.72,1,0,1,0,630
1778613723,77547,13.793,22.72,1,1,1,1,631
1778613784,77608,13.793,22.82,1,0,1,0,631
1778613846,77670,13.793,22.74,1,1,1,1,632
1778613907,77731,13.793,22.72,1,0,1,0,632
1778613968,77792,13.793,22.67,1,1,1,1,633
1778614030,77854,13.793,22.75,1,0,1,0,633
1778614091,77915,13.793,22.82,1,1,1,1,634
1778614152,77976,13.793,22.79,1,0,1,0,634
1778614214,78038,13.793,22.73,1,1,1,1,635
1778614275,78099,13.793,22.7,1,0,1,0,635
1778614337,78161,13.793,22.75,1,1,1,1,636
1778614398,78222,13.793,22.72,1,0,1,0,636
1778614459,78283,13.793,22.76,1,1,1,1,637
1778614521,78345,13.793,22.71,1,0,1,0,637
1778614582,78406,13.793,22.75,1,1,1,1,638
1778614643,78467,13.793,22.72,1,0,1,0,638
1778614705,78529,13.793,22.72,1,1,1,1,639
1778614766,78590,13.793,22.7,1,0,1,0,639
1778614827,78651,13.793,22.86,1,1,1,1,640
1778614889,78713,13.793,22.73,1,0,1,0,640
1778614950,78774,13.793,22.71,1,1,1,1,641
1778615011,78835,13.793,22.74,1,0,1,0,641
1778615073,78897,13.793,22.79,1,1,1,1,642
1778615134,78958,13.793,22.85,1,0,1,0,642
1778615195,79019,13.793,22.67,1,1,1,1,643
1778615257,79081,13.793,22.76,1,0,1,0,643
1778615318,79142,13.793,22.72,1,1,1,1,644
1778615379,79203,13.793,22.7,1,0,1,0,644
1778615441,79265,13.793,22.85,1,1,1,1,645
1778615502,79326,14.3438,22.7,1,0,1,0,645
1778615564,79388,14.3438,22.73,1,1,1,1,646
1778615625,79449,14.3438,22.73,1,0,1,0,646
1778615686,79510,14.3438,22.72,1,1,1,1,647
1778615748,79572,14.3438,22.73,1,0,1,0,647
1778615809,79633,14.3438,22.77,1,1,1,1,648
1778615870,79694,14.3438,22.9,1,0,1,0,648
1778615932,79756,14.3438,22.7,1,1,1,1,649
1778615993,79817,14.3438,22.83,1,0,1,0,649
1778616054,79878,14.3438,22.73,1,1,1,1,650
1778616116,79940,14.3438,22.82,1,0,1,0,650
1778616177,80001,14.3438,22.79,1,1,1,1,651
1778616238,80062,14.3438,22.82,1,0,1,0,651
1778616300,80124,14.3438,22.77,1,1,1,1,652
1778616361,80185,14.3438,22.69,1,0,1,0,652
1778616422,80246,14.3438,22.83,1,1,1,1,653
1778616484,80308,14.3438,22.77,1,0,1,0,653
1778616545,80369,14.3438,22.95,1,1,1,1,654
1778616606,80430,14.3438,22.82,1,0,1,0,654
1778616668,80492,14.3438,22.87,1,1,1,1,655
1778616729,80553,14.3438,22.76,1,0,1,0,655
1778616791,80615,14.3438,22.88,1,1,1,1,656
1778616852,80676,14.3438,22.83,1,0,1,0,656
1778616913,80737,14.3438,22.85,1,1,1,1,657
1778616975,80799,14.3438,22.82,1,0,1,0,657
1778617036,80860,14.3438,22.72,1,1,1,1,658
1778617097,80921,14.3438,22.86,1,0,1,0,658
1778617159,80983,14.3438,22.88,1,1,1,1,659
1778617220,81044,14.3438,22.75,1,0,1,0,659
1778617281,81105,14.3438,22.82,1,1,1,1,660
1778617343,81167,14.3438,22.74,1,0,1,0,660
1778617404,81228,14.3438,22.69,1,1,1,1,661
1778617466,81290,14.3438,22.75,1,0,1,0,661
1778617527,81351,14.3438,22.86,1,1,1,1,662
1778617588,81412,14.3438,22.75,1,0,1,0,662
1778617650,81474,14.3438,22.74,1,1,1,1,663
1778617711,81535,14.3438,22.74,1,0,1,0,663
1778617772,81596,14.3438,22.73,1,1,1,1,664
1778617834,81658,14.3438,22.75,1,0,1,0,664
1778617895,81719,14.3438,22.72,1,1,1,1,665
1778617957,81781,14.3438,22.91,1,0,1,0,665
1778618018,81842,14.3438,22.83,1,1,1,1,666
1778618079,81903,14.3438,22.75,1,0,1,0,666
1778618141,81965,14.3438,22.84,1,1,1,1,667
1778618202,82026,14.3438,22.73,1,0,1,0,667
1778618263,82087,14.3438,22.73,1,1,1,1,668
1778618325,82149,14.3438,22.79,1,0,1,0,668
1778618386,82210,14.3438,22.86,1,1,1,1,669
1778618447,82271,14.3438,22.73,1,0,1,0,669
1778618509,82333,14.3438,22.79,1,1,1,1,670
1778618570,82394,14.3438,22.79,1,0,1,0,670
1778618631,82455,14.3438,22.84,1,1,1,1,671
1778618693,82517,14.3438,22.76,1,0,1,0,671
1778618754,82578,14.3438,22.79,1,1,1,1,672
1778618815,82639,14.3438,22.69,1,0,1,0,672
1778618877,82701,14.3438,22.87,1,1,1,1,673
1778618938,82762,14.3438,22.76,1,0,1,0,673
1778619000,82824,14.3438,22.81,1,1,1,1,674
1778619061,82885,14.3438,22.86,1,0,1,0,674
1778619122,82946,14.3438,22.86,1,1,1,1,675
1778619184,83008,14.3438,22.71,1,0,1,0,675
1778619245,83069,14.3438,22.74,1,1,1,1,676
1778619306,83130,14.3438,22.95,1,0,1,0,676
1778619368,83192,14.3438,22.71,1,1,1,1,677
1778619429,83253,14.3438,22.73,1,0,1,0,677
1778619490,83314,14.3438,22.88,1,1,1,1,678
1778619552,83376,14.3438,22.93,1,0,1,0,678
1778619613,83437,14.3438,22.89,1,1,1,1,679
1778619674,83498,14.3438,22.74,1,0,1,0,679
1778619736,83560,14.3438,22.88,1,1,1,1,680
1778619797,83621,14.3438,22.79,1,0,1,0,680
1778619858,83682,14.3438,22.84,1,1,1,1,681
1778619920,83744,14.3438,22.78,1,0,1,0,681
1778619981,83805,14.3438,22.86,1,1,1,1,682
1778620042,83866,14.3438,22.75,1,0,1,0,682
1778620104,83928,14.3438,22.84,1,1,1,1,683
1778620165,83989,14.3438,22.76,1,0,1,0,683
1778620226,84050,14.3438,22.8,1,1,1,1,684
1778620288,84112,14.3438,22.81,1,0,1,0,684
1778620349,84173,14.3438,23,1,1,1,1,685
1778620411,84235,14.3438,22.75,1,0,1,0,685
1778620472,84296,14.3438,22.74,1,1,1,1,686
1778620533,84357,14.3438,22.88,1,0,1,0,686
1778620595,84419,14.3438,22.76,1,1,1,1,687
1778620656,84480,14.3438,22.8,1,0,1,0,687
1778620717,84541,14.3438,22.83,1,1,1,1,688
1778620779,84603,14.3438,22.88,1,0,1,0,688
1778620840,84664,14.3438,22.82,1,1,1,1,689
1778620901,84725,14.3438,22.86,1,0,1,0,689
1778620963,84787,14.3438,22.71,1,1,1,1,690
1778621024,84848,14.3438,22.88,1,0,1,0,690
1778621085,84909,14.3438,22.77,1,1,1,1,691
1778621147,84971,14.3438,22.86,1,0,1,0,691
1778621208,85032,14.3438,22.91,1,1,1,0,692
1778621269,85093,14.3438,22.9,1,0,1,0,692
1778621331,85155,14.3438,22.71,1,1,1,1,693
1778621392,85216,14.3438,22.87,1,0,1,0,693
1778621453,85277,14.3438,22.9,1,1,1,1,694
1778621515,85339,14.3438,22.77,1,0,1,0,694
1778621576,85400,14.3438,22.73,1,1,1,1,695
1778621638,85462,14.3438,22.74,1,0,1,0,695
1778621699,85523,14.3438,22.91,1,1,1,1,696
1778621760,85584,14.3438,22.86,1,0,1,0,696
1778621822,85646,14.3438,22.88,1,1,1,1,697
1778621883,85707,14.3438,22.82,1,0,1,0,697
1778621944,85768,14.3438,22.75,1,1,1,1,698
1778622006,85830,14.3438,22.79,1,0,1,0,698
1778622067,85891,14.3438,22.73,1,1,1,1,699
1778622129,85953,14.3438,22.93,1,0,1,0,699
1778622190,86014,14.3438,22.93,1,1,1,1,700
1778622251,86075,14.3438,22.89,1,0,1,0,700
1778622313,86137,14.3438,22.85,1,1,1,1,701
1778622374,86198,14.3438,22.83,1,0,1,0,701
1778622435,86259,14.3438,22.76,1,1,1,1,702
1778622497,86321,14.3438,22.72,1,0,1,0,702
1778622558,86382,14.3438,22.77,1,1,1,1,703
