archive_path,raw_sha256,raw_bytes
allocation-gates.txt,b290a758a2194c6cd8304249ba4c47fe0e516865b5e8e0315b92ff50bea6c766,322
allocations/H-a/diagnostic.jsonl,815a4c3e03946d1dced5910725ee118e7173f5428be9241079a7f1a4f163dfe1,556
allocations/H-a/metadata.txt,e67d5dbeb7163618b7b924e9cb5ab0a5184e6cab25682fbc21d278b94cb04298,853
allocations/H-a/stderr.log,49ae276610971071e235a0a34ba3d7e103a514349094b5de48a6cc36bbea56f9,2613
allocations/H-b/diagnostic.jsonl,815a4c3e03946d1dced5910725ee118e7173f5428be9241079a7f1a4f163dfe1,556
allocations/H-b/metadata.txt,a0ab844bb6484a8e59a7770a4d4258984b8ea2cfc1b230631d2df4f6f305781e,853
allocations/H-b/stderr.log,c4852cdd800e0388acefb16d0a5d91cc145774f0ca8a8986b7520c40225348e8,2613
allocations/H/diagnostic.jsonl,815a4c3e03946d1dced5910725ee118e7173f5428be9241079a7f1a4f163dfe1,556
allocations/H/metadata.txt,d48fb9bd651ac7e63867bd3a4ff30c5c2e3c48100c077f27491e92205e13fc43,845
allocations/H/stderr.log,88e9adf4897d301783415869b9894ba64e34cf5b2417858aabbca8cf0671fcbb,2609
allocations/P/diagnostic.jsonl,7b371a79597f0d2f507d693ed27e2e9adf98b06745bf321b49c08bddcee8ca11,541
allocations/P/metadata.txt,9c76227cefafcb8c3e4eb26161b708f39937294ffd0967f7c58760746e86b0a5,845
allocations/P/stderr.log,7bb64f0ac03c284fe7fa6161451ab95ab5ab69365ad9d2d822b10dfe2477dbf3,2609
allocations/S-a/diagnostic.jsonl,873998ffa8ee33919566e171e0567d9918003960cde6357387ba32347be570bb,554
allocations/S-a/metadata.txt,24692c98cf315d1e8800bf56083f687a36fb01bd7f32d76c553744a5a2fef62d,853
allocations/S-a/stderr.log,408eb4795b79e6c74e90b808326219fc58271c222c1c56556d7787313f1aede5,2613
allocations/S-b/diagnostic.jsonl,873998ffa8ee33919566e171e0567d9918003960cde6357387ba32347be570bb,554
allocations/S-b/metadata.txt,7830bba53e26c92e62a711d197e52d3fb21a6558a453085b1e7f46c1627436b0,853
allocations/S-b/stderr.log,82b7abc75577d621a3a75234fcba042af72fe702df0f6ebf6282ac3fc35306b5,2613
allocations/S-control/diagnostic.jsonl,873998ffa8ee33919566e171e0567d9918003960cde6357387ba32347be570bb,554
allocations/S-control/metadata.txt,d7142b0e1b18e3c9ad7a69ab69ab09890f458231bdc66229a987d8cf1b9fc218,877
allocations/S-control/stderr.log,b8da8ffac82d7c6c7bd25ed92ea79ea432de89c92b4f2c7d15a4a655573cfa51,2625
allocations/S/diagnostic.jsonl,873998ffa8ee33919566e171e0567d9918003960cde6357387ba32347be570bb,554
allocations/S/metadata.txt,947ec82f2a57bdbdbbcccf1a4ac3343b08074cb308a4ef48df4622ee9cb5854d,845
allocations/S/stderr.log,ee38715031901a6f84e52738d927d8b13d204c51821e494d504ba656a4aa4d84,2609
completion.txt,df13bea9a8e3dd238b8325852ae509ac3afc00ba8dfc3671ec27b569de3db0c3,92
timing/attr-same-sha/attempts/attempt-1-base.estimates.json,8a12c4bd4cd6ca99509d7b1f39aa2048f07fbef932c4885a1a5e658187dc1e7e,984
timing/attr-same-sha/attempts/attempt-1-base.log,3685eb50ecf57e2b942c82cc5a0d4d6b60d1f6d9f43545d984f23cba6b1b2cb7,3568
timing/attr-same-sha/attempts/attempt-1-base.sample.json,7e32acd690f062513131da2f20c4258f74db5c03950e242afcc6e706b5ee11df,1980
timing/attr-same-sha/attempts/attempt-1-head.estimates.json,2b8a1527c61f9246d60f61b2fe27046b4c73c1b06a6bd05bc72eaf6e7f45e51d,981
timing/attr-same-sha/attempts/attempt-1-head.log,53b137f660d7144e0ffa4fb86945bab72e960d34f99cd694f39bdec302dea5dd,3612
timing/attr-same-sha/attempts/attempt-1-head.sample.json,8dc13544d5c210bec055e85823dec5820f02ebc3fb78906e8e8113e01c7ccde9,1980
timing/attr-same-sha/attempts/attempt-2-base.estimates.json,0deaef3991ac955d8abf0495a0fd5a1b42e52b47b5364435e8275fdd6b17c9fb,988
timing/attr-same-sha/attempts/attempt-2-base.log,baef2b48fce03ddd9f551483a0ef2c9ab70ea29878d9cb0ec670b2f0e9bfa5dc,1132
timing/attr-same-sha/attempts/attempt-2-base.sample.json,afab37f116d8a2459ba7e1d45c1d88591a4d222f06cec1bc44530cdef24132cd,1983
timing/attr-same-sha/attempts/attempt-2-head.estimates.json,34d8fcb9c55f1c10350c3feb7faa75c4c91a2ac4451c5c552eb1c8aae2cd052b,980
timing/attr-same-sha/attempts/attempt-2-head.log,0ac96718a3221245a6ca4a4ed969de970bfe22a6dcf0fe261c9817bae39c0bd1,1087
timing/attr-same-sha/attempts/attempt-2-head.sample.json,d9ae4069e88654824a4f188a728ae4bf3e35b0c3f7e5cbcee222581c304f7fc2,1987
timing/attr-same-sha/attempts/attempt-3-base.estimates.json,6d4eff90044e152e9df9f794b66650a667b442338b92754bfdb481e096ca1722,981
timing/attr-same-sha/attempts/attempt-3-base.log,d180d6908db4c7d2796a6da7f4cf3949c0a26a61837ab6a6b616aaf0c01fd6dc,1111
timing/attr-same-sha/attempts/attempt-3-base.sample.json,d54bd0630e0ed109105fec54a8c8b8842aa82cfabc0520f969e14522dfe581bc,1984
timing/attr-same-sha/attempts/attempt-3-head.estimates.json,bc658fd4faac8ecf6b09edba0a857e573acddcccefc662b24224a5fc975055a9,985
timing/attr-same-sha/attempts/attempt-3-head.log,59f3e8f76087afe8041bbe7c0f9f530a96ce959fad417959d23a09d270602c1f,1132
timing/attr-same-sha/attempts/attempt-3-head.sample.json,d4c6b0871ffc8623ac1c72c69798cb161bfc8425239ac31103275dc47bb40907,1984
timing/attr-same-sha/attempts/attempt-4-base.estimates.json,f04b47bf195c52e2cc69c4364ad2a4a3933c7a56f61dab2619c053f9c39d3511,983
timing/attr-same-sha/attempts/attempt-4-base.log,67cedbc0d454a83172e3b5dd721286ef537551cdd888ea842cbd64e48b0cf036,1132
timing/attr-same-sha/attempts/attempt-4-base.sample.json,6860c0f7ae6bf02cb0ad3580b0f12eaddc01362e53c236dc62b43812901a062b,1983
timing/attr-same-sha/attempts/attempt-4-head.estimates.json,f34d9a2c9bfde347adb39ac61d7795c1470001ed3ed1989334df6d86986522cc,979
timing/attr-same-sha/attempts/attempt-4-head.log,7021e94e0e7cda702d889de56fefba9ef74d93fe5c0fdffcabfc0866af25997b,1111
timing/attr-same-sha/attempts/attempt-4-head.sample.json,6298faeacebc09f0e24f28f07c224e21cc46d214c3395be222b6e10fb0af89d6,1985
timing/attr-same-sha/attempts/attempt-5-base.estimates.json,3f62922b24fddfdf3f610142b6ccbc5bc942bf87e3496a5233afc4b6019533e0,982
timing/attr-same-sha/attempts/attempt-5-base.log,87a193817e14057b13aa12f572a41ca9dd2216a01ebfde3270fc373ab13b77c2,1017
timing/attr-same-sha/attempts/attempt-5-base.sample.json,e742c50d77c7e18ae609fe755e3142d999ef6066fe7a981ef16648762424d0f2,1986
timing/attr-same-sha/attempts/attempt-5-head.estimates.json,09542ad058e0b205fe77c742b2b8816badd16d3643be04a5c964c89e3b623b09,980
timing/attr-same-sha/attempts/attempt-5-head.log,1310e2f2a3fe3a20025bd21e93262ab5ff5a9eb9e1871e3f96ef64a28d3ffdbe,1111
timing/attr-same-sha/attempts/attempt-5-head.sample.json,f505da8f6383e29faeae0f49004e2a125cb0cc1321777b254dedde4fd4fd46fd,1983
timing/attr-same-sha/attempts/attempt-6-base.estimates.json,089b057c0248de9597cebe53544a729c1ef45e0bab6254f8671a38fd7cc5b088,984
timing/attr-same-sha/attempts/attempt-6-base.log,16099a0323282b9213ef37fa726c260abd1702519b644e14cce0d4ce96abd256,1087
timing/attr-same-sha/attempts/attempt-6-base.sample.json,8a42e7afe55067f9ef558450eb6f23bd8de3e9f769464171cf9154dbeb6215ce,1982
timing/attr-same-sha/attempts/attempt-6-head.estimates.json,da25e0d0ff805d2a33d61005b8b31fb41cf1917b89e59dfd68991570e6fa0f46,985
timing/attr-same-sha/attempts/attempt-6-head.log,cc85a2b97b7ea5b30f748a8654529d361adc52ac71da46b08e63036edba66b39,1155
timing/attr-same-sha/attempts/attempt-6-head.sample.json,1e35e0472724ee0202a69ca0f6847428c93f8054eab2d59746b5aa4161f40e3d,1983
timing/attr-same-sha/metadata.txt,54843f070836b880c3f7a2678a6bab55441383a3c8af28542e6b98936c5f47c3,1410
timing/attr-same-sha/summary.md,57e2f734e69023756c71c4e471d03dddc2b808a4c5db71f6e99ab4404e399699,1239
timing/attr-same-sha/validation.txt,7c7050d12759a2da33b65a4bceee5b8c44393fffcb203ab003464fdb48447522,676
timing/attr-target/attempts/attempt-1-base.estimates.json,6eba4d81e24d03d28a90b69c4be18075f797ba3abb62f825187d4e0d4f240299,984
timing/attr-target/attempts/attempt-1-base.log,7beae22bd2def1564f9fe36eded3b3163854c6195f8ed6104a0ac7bb3dbca789,3489
timing/attr-target/attempts/attempt-1-base.sample.json,aa34e544b4cea4dc7856dcfabe6d91b2ae1709270f54fd56f0db0f5f62d18988,1986
timing/attr-target/attempts/attempt-1-head.estimates.json,26544a09374e57d726d44e4c89e268cbbeebd872c84fcfc504ccadb7c0c173d8,985
timing/attr-target/attempts/attempt-1-head.log,b11018e02cfbba2a36d0eb7436b41b321823b458a74e3534769709121d0fa001,3580
timing/attr-target/attempts/attempt-1-head.sample.json,f0411ae4b0d22fb3c43ea37b809c06919b8aea1c2d353834273e24a9da7a77dd,2002
timing/attr-target/attempts/attempt-2-base.estimates.json,c244f2dc9995e2e5f323ba6699fa0e171ae6dbe7e8b0668c4f5ca20d36a612d1,986
timing/attr-target/attempts/attempt-2-base.log,d716f8f5fe66ea4688f3ca9e294726ffe9fbc6a2d0558e2351699e8a403f20f4,1082
timing/attr-target/attempts/attempt-2-base.sample.json,4dc4df7ea51df980e9de3ed4273c9cd77b1823c817bc65d2b5ceb81f324ef506,1978
timing/attr-target/attempts/attempt-2-head.estimates.json,76c906d716b17ad6d4b1e6784e33e588f124bf13036264f34a429332231efb34,982
timing/attr-target/attempts/attempt-2-head.log,2def05588fd6d0e55e66a96753806864247e708d7ecf64cd7e60fef0f8be93d8,1105
timing/attr-target/attempts/attempt-2-head.sample.json,4975fefedbe89dddf8ad5681f0634df48e7bd17865664af649a29b4906802039,2001
timing/attr-target/attempts/attempt-3-base.estimates.json,78d4f969083f80a4094862b9cf6170cfc1936e9f89af5be5631c0a37340381c9,984
timing/attr-target/attempts/attempt-3-base.log,174decd9d96dd789eafc51ba3e950938872e4b5d5c58ef78008d2b8fd09e30c4,1149
timing/attr-target/attempts/attempt-3-base.sample.json,75342e90b6fa2ca1619b8a5b59cb70a15e82d62f2c37816edda531f8318813ce,1984
timing/attr-target/attempts/attempt-3-head.estimates.json,57f29719d35b2951c0e29bdfb83b70edba61aca4d4529699f8b52022d71ba3b2,984
timing/attr-target/attempts/attempt-3-head.log,504452bc1a9d8f84da0aa9fbd539f97ff81c2b850b3e9d5c4bc191e10b593977,1126
timing/attr-target/attempts/attempt-3-head.sample.json,66ca7982a8d409a5d9e0965f09c594fe025d1c49b400977a2588d3d3581e6ac8,2003
timing/attr-target/attempts/attempt-4-base.estimates.json,1ff2ea4056387138bd155a6e574a240086bc4c206ce0a5627351a44c3763d95b,983
timing/attr-target/attempts/attempt-4-base.log,79e9e9453cef1da7043c10a020b6317698ba53736db9f9251afca5387b788924,1011
timing/attr-target/attempts/attempt-4-base.sample.json,aa4d8d6eaedaeb69fecea3a4a1d33f9de9a2437978c9a67e7c1dd21562a8eb83,1985
timing/attr-target/attempts/attempt-4-head.estimates.json,1a8553fd7a197956215b3e0750a44065b9767f2f2a2f310cc3c74dbbde7fd672,982
timing/attr-target/attempts/attempt-4-head.log,5919051c2dd354915462d96495a5a93468219f9ae72d5863a382226172dee231,1085
timing/attr-target/attempts/attempt-4-head.sample.json,87b4ca6d319e8e892071a9de5ce216a7595d4601c4dc85f90e308befcb2c0ce0,2000
timing/attr-target/attempts/attempt-5-base.estimates.json,17f3cadbf0fc4d9f0e8c0f4030e9df52bf2b031237e9488f3afba65f1f85e8b2,981
timing/attr-target/attempts/attempt-5-base.log,23fbe8fa6d63b2d299eef7ccfa52c7fdceeda54bf65a64300caefda08646fcd9,1102
timing/attr-target/attempts/attempt-5-base.sample.json,2fcdfedba5336d6d7bee5b23c33433f3b533c0b9db2f4b03d6f6bf06ed6a19e4,1986
timing/attr-target/attempts/attempt-5-head.estimates.json,f76f45f5935f7c898d826b76eff19b1af3d5473b3ce5bf112c93bb5fb9b47d1a,981
timing/attr-target/attempts/attempt-5-head.log,1586d7179d6e8ff8e50839db8265cfe59e8b05b45d0c0670fa8203695f235558,1105
timing/attr-target/attempts/attempt-5-head.sample.json,97013f969648cbbb2ad9e5753cf3126ec5a8aeb25f19e8f2b2fac74f8a05e861,2003
timing/attr-target/attempts/attempt-6-base.estimates.json,3457f218b6a29589b2ea95aa03a236bda67ee9d328448fe9c2b3f2d29e884185,983
timing/attr-target/attempts/attempt-6-base.log,300ab8818825aad7e35bbcf822de06034e510c54ea9831186757b50bc04e3305,1011
timing/attr-target/attempts/attempt-6-base.sample.json,65eaf65e90f038a288fd87c96124fcd65b6b6017492bde2bc5cdc299bbcac6fc,1983
timing/attr-target/attempts/attempt-6-head.estimates.json,3b7d069b01e1151ee14ff7dab7c4f84f6a14f70cfe150f26c0e4973c5de43a6f,983
timing/attr-target/attempts/attempt-6-head.log,b1f8360019eed1532bc3b37a07b3d98e04eebb70f3dac4d61fc1616846a50ec2,1109
timing/attr-target/attempts/attempt-6-head.sample.json,094383c1e92e33732c5612a1d9f4d72deab3e97f66021ef6246a0b0b05a9c566,2000
timing/attr-target/metadata.txt,58e2fbe87adb25a7acb455f36882f31b0b83102751a166dae1632f8bc5f6be84,1404
timing/attr-target/summary.md,34a2c42fb1030362493b03df66668ca4cfc58346cb68739a2f2890d478a75cd5,1246
timing/attr-target/validation.txt,f33ce372061d0839ef23aa7c81261ce7dff58d32ca4743070d7236b4baf49774,670
timing/validate-same-sha/attempts/attempt-1-base.estimates.json,5866573f471a9e18b3a4e5e9211706c4ed07a853bc8ad8f4e081038671227cee,993
timing/validate-same-sha/attempts/attempt-1-base.log,9cf8db31534658412f595a187f78eed2005df7831d67040d6089d472c63879eb,3565
timing/validate-same-sha/attempts/attempt-1-base.sample.json,b79e7c6574c060bccbbf23ec0229ffed2f75251454f9c1d9b755ec7b89397d72,2019
timing/validate-same-sha/attempts/attempt-1-head.estimates.json,30f330baa056f3c415c5dae8efa40e1d95e1bcf59d39871cb4108c33b6c6d856,995
timing/validate-same-sha/attempts/attempt-1-head.log,46cbf03ecceceed3ae6eb448f63f5eb3c1bcdc37adcae3eaa63233701e547d15,3587
timing/validate-same-sha/attempts/attempt-1-head.sample.json,047a0a4701d6ee48f8521a0dbd19a0f9c570c8d3662473c3f53864131f3cf7fd,2019
timing/validate-same-sha/attempts/attempt-2-base.estimates.json,954b720dbd0c39733eab58c09f35e02671ab7b34b0258ebc1ce730de83a7c1a7,999
timing/validate-same-sha/attempts/attempt-2-base.log,1c4f40c9f08ef6673b2af89c0eb766c138d5ccba4fe42d3cc0c6aef48aff195f,1103
timing/validate-same-sha/attempts/attempt-2-base.sample.json,f947d517d52ca9790c165a85a8119f5f4f75aed50e1ccccb9fd9d96f3c3f689e,2019
timing/validate-same-sha/attempts/attempt-2-head.estimates.json,41459fb3610e8f76ca05dfed634bdcaab7e7c72ef267791b0abc01d02357c3d4,995
timing/validate-same-sha/attempts/attempt-2-head.log,2c050672b6f1bca508b254bf71a695c72de8de8aac0d98af81ffbaef320db196,1103
timing/validate-same-sha/attempts/attempt-2-head.sample.json,e8f4701372ce090127f5b537812a7aad3639680ce90b00a7ab4c0c0d52e2a6a6,2019
timing/validate-same-sha/attempts/attempt-3-base.estimates.json,cbe7e3b277e89d92f7364173707d0a2a0f3b298f8ad37facf5d7456d2c353087,993
timing/validate-same-sha/attempts/attempt-3-base.log,4ecdc5a74772b1f04dc4f883b39bdef1b10777e96a9d1ca9929bb193d50adca0,1103
timing/validate-same-sha/attempts/attempt-3-base.sample.json,24ef5a1ecec9b337f0a9d1d58cf66c442738c416bf10dbbb132c391da30400d8,2019
timing/validate-same-sha/attempts/attempt-3-head.estimates.json,1e978635884877345383c72305c04e817fe3e5001ee46c0d258a87329f99e998,994
timing/validate-same-sha/attempts/attempt-3-head.log,ba09e2927152588248aef00b3bb3beb3e6ef5aca3f53bd09bcccf3d0e93e22f9,1103
timing/validate-same-sha/attempts/attempt-3-head.sample.json,7582d0c1a53bb9c05c31971464a8d6f3e4aece11bf7a88d9cdfff12662e01168,2019
timing/validate-same-sha/attempts/attempt-4-base.estimates.json,581f28cbf5066532bcc1f599c0af2e575a8655a51cfc60f629aaf2d3bdb624d9,994
timing/validate-same-sha/attempts/attempt-4-base.log,ab05ff8dfd99b61eba2fe7a38132d8dc22954379a62e047b1fdfe5e6d7ac38da,1103
timing/validate-same-sha/attempts/attempt-4-base.sample.json,1ee727dbdbe55c2bc666e1171a65ba3e85f3d00d2158dc5e51447a05ffdafd20,2019
timing/validate-same-sha/attempts/attempt-4-head.estimates.json,dd03339ed92c6b303e6f82dcfcb9f59b0472e38379db46ee639d9156cae9cc50,994
timing/validate-same-sha/attempts/attempt-4-head.log,5b528a5931eb106e7a53ac46c995ba8a5881b03bf3cfa0b04b15ff3b1b9690d3,1124
timing/validate-same-sha/attempts/attempt-4-head.sample.json,aef8c81b2f4ecd8740dbbfa6e070767cdfed2ac97c88df434a32cee3f0783a47,2019
timing/validate-same-sha/attempts/attempt-5-base.estimates.json,a5bbba96d96c3cb9eaa755d8d121c99e67d7259f130858d59a37a6268ea2868d,998
timing/validate-same-sha/attempts/attempt-5-base.log,c34f144a684e075ab470eb2e3d51ee42d75f9314a62b98d041867b7c28e3d25a,1103
timing/validate-same-sha/attempts/attempt-5-base.sample.json,7522ada43cd8cc2e4ca32a091591e2c3255b832fefa3ef5f985869fa3c112035,2019
timing/validate-same-sha/attempts/attempt-5-head.estimates.json,4fa9447c2565116de07162f445b013f007f21919e1e83db25d22084fc5473f61,990
timing/validate-same-sha/attempts/attempt-5-head.log,f2ede97def82b28080ffe53bcdc8415e07cadb124baeca9461464e8416d79d15,1103
timing/validate-same-sha/attempts/attempt-5-head.sample.json,0cdd292c62adc1c442d2226ae187465d647ae3206c606936d4bd2ceb17542013,2019
timing/validate-same-sha/attempts/attempt-6-base.estimates.json,29570ae4f0d7b9f4ed2b8da511b5f07c4832b0e9a719733a1743915d936f569d,993
timing/validate-same-sha/attempts/attempt-6-base.log,3901c17a26e1a56a44d56d1e47620c7e937cf554a2bb2ee06cabcb3f9906935c,1081
timing/validate-same-sha/attempts/attempt-6-base.sample.json,735285fbc5c9abf91f50e0e1eb1d6d32c7be85def399fab9bb8ce3ac08f7f19e,2020
timing/validate-same-sha/attempts/attempt-6-head.estimates.json,476172fd918b8026466a189e6415f11faf727d8487b637fc65e96044c4259837,993
timing/validate-same-sha/attempts/attempt-6-head.log,9d16164326b7c88f0a9baeb3670ab0f22edf001ba3d51174da223187fed92964,1105
timing/validate-same-sha/attempts/attempt-6-head.sample.json,93230bb1b55946ed3a854a79fd94cde381fed106b97352cbbcd0ef5e1bcf2fd5,2019
timing/validate-same-sha/metadata.txt,b30773e864e19627cd281b16b468396cfe9ceabee6753d916ab8b014bfc10563,1418
timing/validate-same-sha/summary.md,ecff6471d771a4455acf3d948d67f0f4407b5fb78c35d15e94679860b3601253,1243
timing/validate-same-sha/validation.txt,90efbb057657af34e23f72aaff9bbf9842dd1cdb79d6219d98733fad999cf12e,688
timing/validate-target/attempts/attempt-1-base.estimates.json,6ae69674d06c64204ad6a1df7d3e55afaf7080859234ea293b5633bc85e433c9,992
timing/validate-target/attempts/attempt-1-base.log,1897f558cc38c197a24ca75aced4af53bbc8a837be6ee96069e79830fa4082ae,3600
timing/validate-target/attempts/attempt-1-base.sample.json,3dd72dc32c72410e614b9574ff9df57d75befc9e5a15df78a6502a3cd18ffff2,2019
timing/validate-target/attempts/attempt-1-head.estimates.json,61c77aa39ac0288df70f09c6f52048408796dd133983d97b94e774d19ef899fc,1003
timing/validate-target/attempts/attempt-1-head.log,93b7c7529a78f8dc07776fb3138cf42c9136b1fd211f018eee0679dd049ecbb9,3556
timing/validate-target/attempts/attempt-1-head.sample.json,622a0cb65af50bab1e31a5064394f228b9e550d8bc332e33e13631e05bf1f34c,2121
timing/validate-target/attempts/attempt-2-base.estimates.json,e6d429d1b7573eff1a7d75777c5f000a8fdab43111f7bc94a077c84a17584bce,996
timing/validate-target/attempts/attempt-2-base.log,02a6c08338349a818569b47813768db624d11f3504139bf50c4b25c1315c31d8,1120
timing/validate-target/attempts/attempt-2-base.sample.json,a9a921315236a1809fcebdf3d69d63de72bf9abdbd95592523ebf97aede8bcd8,2019
timing/validate-target/attempts/attempt-2-head.estimates.json,47570dac6efdcde57e9830de23139fd1108d7ec13cf1c01bc8939a9bde6e2526,998
timing/validate-target/attempts/attempt-2-head.log,39e779977116f7bda45dea5c679134a020bb1b5fffdfc7f91d542f8be9b6bfd3,1119
timing/validate-target/attempts/attempt-2-head.sample.json,0d432ce32f1c409d1b69b2bddf168dcd960cb903e0633dc905cb526628fccf4d,2122
timing/validate-target/attempts/attempt-3-base.estimates.json,094014c58857772a76cf08dbe47d291c059041d256bdbbba26b776d711277c54,991
timing/validate-target/attempts/attempt-3-base.log,a5f73038a6271c758118ef5eae6b4f3bce8987a2b28c86ab406380965e4378e7,1097
timing/validate-target/attempts/attempt-3-base.sample.json,fb427e0c3a468631499bfdcde48cb66d202c75baf36ac91fa33fe75a2f2b117a,2019
timing/validate-target/attempts/attempt-3-head.estimates.json,38f15706166d9fe560364b6a6594cd88ae0f8fb0f74c8fd0204571f618986ca9,1004
timing/validate-target/attempts/attempt-3-head.log,39d58fc05a95443787c1ab7f30df80594157ef7535720419f38ae5cf3a8948fd,1074
timing/validate-target/attempts/attempt-3-head.sample.json,0f2bfb5e81ecdd1724ccf318f27be1a83fa1cea3abe974df18d5c67c27d89b1e,2121
timing/validate-target/attempts/attempt-4-base.estimates.json,0372b35f0051f323ef6708b603059f37a1b21434e2793e4ee8d21f3c2c927110,995
timing/validate-target/attempts/attempt-4-base.log,d7831d5f9f18045782b45adf3bf97ad5c8fd451b4224b980e89e34a5c07aa06f,1099
timing/validate-target/attempts/attempt-4-base.sample.json,ef8b38830c4e95f3f82256cea8e5d44506166d5909fc5236d79a02f831830f51,2020
timing/validate-target/attempts/attempt-4-head.estimates.json,49bcb1f43d54c76c592ecc85bfbea1fdf9d71e3ee8c3a807fdce2496d17664d0,992
timing/validate-target/attempts/attempt-4-head.log,26389be687589829f1674288d6c9ed20061abc318aad20106966ae0c126c2f1d,1099
timing/validate-target/attempts/attempt-4-head.sample.json,c260638e585980942e7f2842a9fc9be75ebfd150d6f6e86aca44a2f76e2cac4f,2137
timing/validate-target/attempts/attempt-5-base.estimates.json,f74b2efe58101711a72891eea32bffd6b2a8871561f599edb7711b9fab90f956,991
timing/validate-target/attempts/attempt-5-base.log,3114ff6bf0ee549ac161ba6671c90aec88f3c9fe60d19550f6353697ec47fb6c,1097
timing/validate-target/attempts/attempt-5-base.sample.json,f6c604e37718fc839badd1f15c2d9b924e9c133ac206b46dbee5abcfe9cb9dfc,2020
timing/validate-target/attempts/attempt-5-head.estimates.json,7fdd6897bf7b854112c85e54d55069bc14e870c5e143ad5a6be7ec7b19d0e715,1003
timing/validate-target/attempts/attempt-5-head.log,7d79f08bfd30e8235c522298aeeb18ac8c8b1f68d896ad5ad88e7b629a777491,1098
timing/validate-target/attempts/attempt-5-head.sample.json,00d1fc184642ff3b9e175c50de520edfa5bd8c2cf546c0d2083d4d4a2a423a27,2121
timing/validate-target/attempts/attempt-6-base.estimates.json,a077ded5063672524130f8ca265ab1ebcccaceb967cbee799acdb2178e0d3e95,994
timing/validate-target/attempts/attempt-6-base.log,29307a9d0285a2012c2a96f3e181d0603c09e76ed09b3928f8148bda15265a44,1099
timing/validate-target/attempts/attempt-6-base.sample.json,67e5c2f19d8895259409de54b267e71d729d5fc8f07fa6a86d1dfaccfe6199c2,2021
timing/validate-target/attempts/attempt-6-head.estimates.json,b30c52c6c7ab67d836575108f947b4835b5e588196dac0543a355d1832893872,1002
timing/validate-target/attempts/attempt-6-head.log,54284235ca7b4bce7515752a885408485c7323cdf4b5e33e34779b465aea8e3a,1100
timing/validate-target/attempts/attempt-6-head.sample.json,48700bcc2524831e2934e320201bc55262b2f658143ca91d9d36e63dd21a1003,2121
timing/validate-target/metadata.txt,1acc3103c799d03a4e1a2d549f0d48ee96bc39ffbae89daf862d213c6b4d2b63,1412
timing/validate-target/summary.md,539b3b6ef8c1c76cd6268cb7449027e5e840589c5192ea93d78b7e759443981f,1249
timing/validate-target/validation.txt,2a0da41659909d4aab25316e894b95fee253e6ef0b6168ac9bf812e442f03932,682
